DATAFLOW,LAST UPDATE,freq,purchase,unit,geo,TIME_PERIOD,OBS_VALUE,OBS_FLAG,CONF_STATUS
ESTAT:PRC_HPI_A(1.0),07/04/26 11:00:00,Annual,Total,"Annual average index, 2015=100",Austria,2005,,,N
ESTAT:PRC_HPI_A(1.0),07/04/26 11:00:00,Annual,Total,"Annual average index, 2015=100",Austria,2006,,,N
ESTAT:PRC_HPI_A(1.0),07/04/26 11:00:00,Annual,Total,"Annual average index, 2015=100",Austria,2007,,,N
ESTAT:PRC_HPI_A(1.0),07/04/26 11:00:00,Annual,Total,"Annual average index, 2015=100",Austria,2008,,,N
ESTAT:PRC_HPI_A(1.0),07/04/26 11:00:00,Annual,Total,"Annual average index, 2015=100",Austria,2009,,,N
ESTAT:PRC_HPI_A(1.0),07/04/26 11:00:00,Annual,Total,"Annual average index, 2015=100",Austria,2010,77.32,,
ESTAT:PRC_HPI_A(1.0),07/04/26 11:00:00,Annual,Total,"Annual average index, 2015=100",Austria,2011,81.47,,
ESTAT:PRC_HPI_A(1.0),07/04/26 11:00:00,Annual,Total,"Annual average index, 2015=100",Austria,2012,86.86,,
ESTAT:PRC_HPI_A(1.0),07/04/26 11:00:00,Annual,Total,"Annual average index, 2015=100",Austria,2013,91.20,,
ESTAT:PRC_HPI_A(1.0),07/04/26 11:00:00,Annual,Total,"Annual average index, 2015=100",Austria,2014,94.68,,
ESTAT:PRC_HPI_A(1.0),07/04/26 11:00:00,Annual,Total,"Annual average index, 2015=100",Austria,2015,100.00,,
ESTAT:PRC_HPI_A(1.0),07/04/26 11:00:00,Annual,Total,"Annual average index, 2015=100",Austria,2016,106.71,,
ESTAT:PRC_HPI_A(1.0),07/04/26 11:00:00,Annual,Total,"Annual average index, 2015=100",Austria,2017,112.14,,
ESTAT:PRC_HPI_A(1.0),07/04/26 11:00:00,Annual,Total,"Annual average index, 2015=100",Austria,2018,118.83,,
ESTAT:PRC_HPI_A(1.0),07/04/26 11:00:00,Annual,Total,"Annual average index, 2015=100",Austria,2019,125.97,,
ESTAT:PRC_HPI_A(1.0),07/04/26 11:00:00,Annual,Total,"Annual average index, 2015=100",Austria,2020,135.52,,
ESTAT:PRC_HPI_A(1.0),07/04/26 11:00:00,Annual,Total,"Annual average index, 2015=100",Austria,2021,151.02,,
ESTAT:PRC_HPI_A(1.0),07/04/26 11:00:00,Annual,Total,"Annual average index, 2015=100",Austria,2022,168.49,,
ESTAT:PRC_HPI_A(1.0),07/04/26 11:00:00,Annual,Total,"Annual average index, 2015=100",Austria,2023,163.68,,
ESTAT:PRC_HPI_A(1.0),07/04/26 11:00:00,Annual,Total,"Annual average index, 2015=100",Austria,2024,163.06,,
ESTAT:PRC_HPI_A(1.0),07/04/26 11:00:00,Annual,Total,"Annual average index, 2015=100",Austria,2025,167.33,p,
ESTAT:PRC_HPI_A(1.0),07/04/26 11:00:00,Annual,Total,"Annual average index, 2015=100",Belgium,2005,72.85,,
ESTAT:PRC_HPI_A(1.0),07/04/26 11:00:00,Annual,Total,"Annual average index, 2015=100",Belgium,2006,80.00,,
ESTAT:PRC_HPI_A(1.0),07/04/26 11:00:00,Annual,Total,"Annual average index, 2015=100",Belgium,2007,86.20,,
ESTAT:PRC_HPI_A(1.0),07/04/26 11:00:00,Annual,Total,"Annual average index, 2015=100",Belgium,2008,89.95,,
ESTAT:PRC_HPI_A(1.0),07/04/26 11:00:00,Annual,Total,"Annual average index, 2015=100",Belgium,2009,89.58,,
ESTAT:PRC_HPI_A(1.0),07/04/26 11:00:00,Annual,Total,"Annual average index, 2015=100",Belgium,2010,91.60,,
ESTAT:PRC_HPI_A(1.0),07/04/26 11:00:00,Annual,Total,"Annual average index, 2015=100",Belgium,2011,94.88,,
ESTAT:PRC_HPI_A(1.0),07/04/26 11:00:00,Annual,Total,"Annual average index, 2015=100",Belgium,2012,97.11,,
ESTAT:PRC_HPI_A(1.0),07/04/26 11:00:00,Annual,Total,"Annual average index, 2015=100",Belgium,2013,98.55,,
ESTAT:PRC_HPI_A(1.0),07/04/26 11:00:00,Annual,Total,"Annual average index, 2015=100",Belgium,2014,98.22,,
ESTAT:PRC_HPI_A(1.0),07/04/26 11:00:00,Annual,Total,"Annual average index, 2015=100",Belgium,2015,100.00,,
ESTAT:PRC_HPI_A(1.0),07/04/26 11:00:00,Annual,Total,"Annual average index, 2015=100",Belgium,2016,102.33,,
ESTAT:PRC_HPI_A(1.0),07/04/26 11:00:00,Annual,Total,"Annual average index, 2015=100",Belgium,2017,105.95,,
ESTAT:PRC_HPI_A(1.0),07/04/26 11:00:00,Annual,Total,"Annual average index, 2015=100",Belgium,2018,109.15,,
ESTAT:PRC_HPI_A(1.0),07/04/26 11:00:00,Annual,Total,"Annual average index, 2015=100",Belgium,2019,113.23,,
ESTAT:PRC_HPI_A(1.0),07/04/26 11:00:00,Annual,Total,"Annual average index, 2015=100",Belgium,2020,118.09,,
ESTAT:PRC_HPI_A(1.0),07/04/26 11:00:00,Annual,Total,"Annual average index, 2015=100",Belgium,2021,125.96,,
ESTAT:PRC_HPI_A(1.0),07/04/26 11:00:00,Annual,Total,"Annual average index, 2015=100",Belgium,2022,132.93,,
ESTAT:PRC_HPI_A(1.0),07/04/26 11:00:00,Annual,Total,"Annual average index, 2015=100",Belgium,2023,136.05,,
ESTAT:PRC_HPI_A(1.0),07/04/26 11:00:00,Annual,Total,"Annual average index, 2015=100",Belgium,2024,140.42,,
ESTAT:PRC_HPI_A(1.0),07/04/26 11:00:00,Annual,Total,"Annual average index, 2015=100",Belgium,2025,144.86,p,
ESTAT:PRC_HPI_A(1.0),07/04/26 11:00:00,Annual,Total,"Annual average index, 2015=100",Bulgaria,2005,80.09,e,
ESTAT:PRC_HPI_A(1.0),07/04/26 11:00:00,Annual,Total,"Annual average index, 2015=100",Bulgaria,2006,91.86,e,
ESTAT:PRC_HPI_A(1.0),07/04/26 11:00:00,Annual,Total,"Annual average index, 2015=100",Bulgaria,2007,118.42,e,
ESTAT:PRC_HPI_A(1.0),07/04/26 11:00:00,Annual,Total,"Annual average index, 2015=100",Bulgaria,2008,147.97,e,
ESTAT:PRC_HPI_A(1.0),07/04/26 11:00:00,Annual,Total,"Annual average index, 2015=100",Bulgaria,2009,117.79,e,
ESTAT:PRC_HPI_A(1.0),07/04/26 11:00:00,Annual,Total,"Annual average index, 2015=100",Bulgaria,2010,105.81,,
ESTAT:PRC_HPI_A(1.0),07/04/26 11:00:00,Annual,Total,"Annual average index, 2015=100",Bulgaria,2011,99.98,,
ESTAT:PRC_HPI_A(1.0),07/04/26 11:00:00,Annual,Total,"Annual average index, 2015=100",Bulgaria,2012,98.07,,
ESTAT:PRC_HPI_A(1.0),07/04/26 11:00:00,Annual,Total,"Annual average index, 2015=100",Bulgaria,2013,95.92,,
ESTAT:PRC_HPI_A(1.0),07/04/26 11:00:00,Annual,Total,"Annual average index, 2015=100",Bulgaria,2014,97.29,,
ESTAT:PRC_HPI_A(1.0),07/04/26 11:00:00,Annual,Total,"Annual average index, 2015=100",Bulgaria,2015,100.00,b,
ESTAT:PRC_HPI_A(1.0),07/04/26 11:00:00,Annual,Total,"Annual average index, 2015=100",Bulgaria,2016,107.02,,
ESTAT:PRC_HPI_A(1.0),07/04/26 11:00:00,Annual,Total,"Annual average index, 2015=100",Bulgaria,2017,116.30,,
ESTAT:PRC_HPI_A(1.0),07/04/26 11:00:00,Annual,Total,"Annual average index, 2015=100",Bulgaria,2018,123.96,,
ESTAT:PRC_HPI_A(1.0),07/04/26 11:00:00,Annual,Total,"Annual average index, 2015=100",Bulgaria,2019,131.42,,
ESTAT:PRC_HPI_A(1.0),07/04/26 11:00:00,Annual,Total,"Annual average index, 2015=100",Bulgaria,2020,137.41,,
ESTAT:PRC_HPI_A(1.0),07/04/26 11:00:00,Annual,Total,"Annual average index, 2015=100",Bulgaria,2021,149.33,,
ESTAT:PRC_HPI_A(1.0),07/04/26 11:00:00,Annual,Total,"Annual average index, 2015=100",Bulgaria,2022,169.92,b,
ESTAT:PRC_HPI_A(1.0),07/04/26 11:00:00,Annual,Total,"Annual average index, 2015=100",Bulgaria,2023,186.67,,
ESTAT:PRC_HPI_A(1.0),07/04/26 11:00:00,Annual,Total,"Annual average index, 2015=100",Bulgaria,2024,217.47,,
ESTAT:PRC_HPI_A(1.0),07/04/26 11:00:00,Annual,Total,"Annual average index, 2015=100",Bulgaria,2025,249.23,p,
ESTAT:PRC_HPI_A(1.0),07/04/26 11:00:00,Annual,Total,"Annual average index, 2015=100",Cyprus,2005,97.06,,
ESTAT:PRC_HPI_A(1.0),07/04/26 11:00:00,Annual,Total,"Annual average index, 2015=100",Cyprus,2006,108.57,,
ESTAT:PRC_HPI_A(1.0),07/04/26 11:00:00,Annual,Total,"Annual average index, 2015=100",Cyprus,2007,121.32,,
ESTAT:PRC_HPI_A(1.0),07/04/26 11:00:00,Annual,Total,"Annual average index, 2015=100",Cyprus,2008,128.17,,
ESTAT:PRC_HPI_A(1.0),07/04/26 11:00:00,Annual,Total,"Annual average index, 2015=100",Cyprus,2009,119.76,,
ESTAT:PRC_HPI_A(1.0),07/04/26 11:00:00,Annual,Total,"Annual average index, 2015=100",Cyprus,2010,112.90,,
ESTAT:PRC_HPI_A(1.0),07/04/26 11:00:00,Annual,Total,"Annual average index, 2015=100",Cyprus,2011,111.09,,
ESTAT:PRC_HPI_A(1.0),07/04/26 11:00:00,Annual,Total,"Annual average index, 2015=100",Cyprus,2012,107.70,,
ESTAT:PRC_HPI_A(1.0),07/04/26 11:00:00,Annual,Total,"Annual average index, 2015=100",Cyprus,2013,103.29,,
ESTAT:PRC_HPI_A(1.0),07/04/26 11:00:00,Annual,Total,"Annual average index, 2015=100",Cyprus,2014,101.47,,
ESTAT:PRC_HPI_A(1.0),07/04/26 11:00:00,Annual,Total,"Annual average index, 2015=100",Cyprus,2015,100.00,b,
ESTAT:PRC_HPI_A(1.0),07/04/26 11:00:00,Annual,Total,"Annual average index, 2015=100",Cyprus,2016,99.82,,
ESTAT:PRC_HPI_A(1.0),07/04/26 11:00:00,Annual,Total,"Annual average index, 2015=100",Cyprus,2017,104.48,,
ESTAT:PRC_HPI_A(1.0),07/04/26 11:00:00,Annual,Total,"Annual average index, 2015=100",Cyprus,2018,103.08,,
ESTAT:PRC_HPI_A(1.0),07/04/26 11:00:00,Annual,Total,"Annual average index, 2015=100",Cyprus,2019,111.70,,
ESTAT:PRC_HPI_A(1.0),07/04/26 11:00:00,Annual,Total,"Annual average index, 2015=100",Cyprus,2020,117.49,,
ESTAT:PRC_HPI_A(1.0),07/04/26 11:00:00,Annual,Total,"Annual average index, 2015=100",Cyprus,2021,115.70,,
ESTAT:PRC_HPI_A(1.0),07/04/26 11:00:00,Annual,Total,"Annual average index, 2015=100",Cyprus,2022,123.22,,
ESTAT:PRC_HPI_A(1.0),07/04/26 11:00:00,Annual,Total,"Annual average index, 2015=100",Cyprus,2023,134.60,,
ESTAT:PRC_HPI_A(1.0),07/04/26 11:00:00,Annual,Total,"Annual average index, 2015=100",Cyprus,2024,144.46,,
ESTAT:PRC_HPI_A(1.0),07/04/26 11:00:00,Annual,Total,"Annual average index, 2015=100",Cyprus,2025,150.89,,
ESTAT:PRC_HPI_A(1.0),07/04/26 11:00:00,Annual,Total,"Annual average index, 2015=100",Czechia,2005,,,N
ESTAT:PRC_HPI_A(1.0),07/04/26 11:00:00,Annual,Total,"Annual average index, 2015=100",Czechia,2006,,,N
ESTAT:PRC_HPI_A(1.0),07/04/26 11:00:00,Annual,Total,"Annual average index, 2015=100",Czechia,2007,,,N
ESTAT:PRC_HPI_A(1.0),07/04/26 11:00:00,Annual,Total,"Annual average index, 2015=100",Czechia,2008,100.80,,
ESTAT:PRC_HPI_A(1.0),07/04/26 11:00:00,Annual,Total,"Annual average index, 2015=100",Czechia,2009,96.90,,
ESTAT:PRC_HPI_A(1.0),07/04/26 11:00:00,Annual,Total,"Annual average index, 2015=100",Czechia,2010,95.20,,
ESTAT:PRC_HPI_A(1.0),07/04/26 11:00:00,Annual,Total,"Annual average index, 2015=100",Czechia,2011,95.30,,
ESTAT:PRC_HPI_A(1.0),07/04/26 11:00:00,Annual,Total,"Annual average index, 2015=100",Czechia,2012,93.90,,
ESTAT:PRC_HPI_A(1.0),07/04/26 11:00:00,Annual,Total,"Annual average index, 2015=100",Czechia,2013,93.90,,
ESTAT:PRC_HPI_A(1.0),07/04/26 11:00:00,Annual,Total,"Annual average index, 2015=100",Czechia,2014,96.20,,
ESTAT:PRC_HPI_A(1.0),07/04/26 11:00:00,Annual,Total,"Annual average index, 2015=100",Czechia,2015,100.00,,
ESTAT:PRC_HPI_A(1.0),07/04/26 11:00:00,Annual,Total,"Annual average index, 2015=100",Czechia,2016,107.20,,
ESTAT:PRC_HPI_A(1.0),07/04/26 11:00:00,Annual,Total,"Annual average index, 2015=100",Czechia,2017,119.70,,
ESTAT:PRC_HPI_A(1.0),07/04/26 11:00:00,Annual,Total,"Annual average index, 2015=100",Czechia,2018,130.00,,
ESTAT:PRC_HPI_A(1.0),07/04/26 11:00:00,Annual,Total,"Annual average index, 2015=100",Czechia,2019,141.90,,
ESTAT:PRC_HPI_A(1.0),07/04/26 11:00:00,Annual,Total,"Annual average index, 2015=100",Czechia,2020,153.90,,
ESTAT:PRC_HPI_A(1.0),07/04/26 11:00:00,Annual,Total,"Annual average index, 2015=100",Czechia,2021,184.20,,
ESTAT:PRC_HPI_A(1.0),07/04/26 11:00:00,Annual,Total,"Annual average index, 2015=100",Czechia,2022,215.30,,
ESTAT:PRC_HPI_A(1.0),07/04/26 11:00:00,Annual,Total,"Annual average index, 2015=100",Czechia,2023,211.70,,
ESTAT:PRC_HPI_A(1.0),07/04/26 11:00:00,Annual,Total,"Annual average index, 2015=100",Czechia,2024,222.30,,
ESTAT:PRC_HPI_A(1.0),07/04/26 11:00:00,Annual,Total,"Annual average index, 2015=100",Czechia,2025,245.40,,
ESTAT:PRC_HPI_A(1.0),07/04/26 11:00:00,Annual,Total,"Annual average index, 2015=100",Germany,2005,83.30,,
ESTAT:PRC_HPI_A(1.0),07/04/26 11:00:00,Annual,Total,"Annual average index, 2015=100",Germany,2006,83.00,,
ESTAT:PRC_HPI_A(1.0),07/04/26 11:00:00,Annual,Total,"Annual average index, 2015=100",Germany,2007,81.20,,
ESTAT:PRC_HPI_A(1.0),07/04/26 11:00:00,Annual,Total,"Annual average index, 2015=100",Germany,2008,82.30,,
ESTAT:PRC_HPI_A(1.0),07/04/26 11:00:00,Annual,Total,"Annual average index, 2015=100",Germany,2009,83.00,,
ESTAT:PRC_HPI_A(1.0),07/04/26 11:00:00,Annual,Total,"Annual average index, 2015=100",Germany,2010,83.90,,
ESTAT:PRC_HPI_A(1.0),07/04/26 11:00:00,Annual,Total,"Annual average index, 2015=100",Germany,2011,86.80,,
ESTAT:PRC_HPI_A(1.0),07/04/26 11:00:00,Annual,Total,"Annual average index, 2015=100",Germany,2012,89.80,,
ESTAT:PRC_HPI_A(1.0),07/04/26 11:00:00,Annual,Total,"Annual average index, 2015=100",Germany,2013,92.60,,
ESTAT:PRC_HPI_A(1.0),07/04/26 11:00:00,Annual,Total,"Annual average index, 2015=100",Germany,2014,95.50,,
ESTAT:PRC_HPI_A(1.0),07/04/26 11:00:00,Annual,Total,"Annual average index, 2015=100",Germany,2015,100.00,,
ESTAT:PRC_HPI_A(1.0),07/04/26 11:00:00,Annual,Total,"Annual average index, 2015=100",Germany,2016,107.50,,
ESTAT:PRC_HPI_A(1.0),07/04/26 11:00:00,Annual,Total,"Annual average index, 2015=100",Germany,2017,114.10,,
ESTAT:PRC_HPI_A(1.0),07/04/26 11:00:00,Annual,Total,"Annual average index, 2015=100",Germany,2018,121.70,,
ESTAT:PRC_HPI_A(1.0),07/04/26 11:00:00,Annual,Total,"Annual average index, 2015=100",Germany,2019,128.70,,
ESTAT:PRC_HPI_A(1.0),07/04/26 11:00:00,Annual,Total,"Annual average index, 2015=100",Germany,2020,138.70,,
ESTAT:PRC_HPI_A(1.0),07/04/26 11:00:00,Annual,Total,"Annual average index, 2015=100",Germany,2021,154.70,,
ESTAT:PRC_HPI_A(1.0),07/04/26 11:00:00,Annual,Total,"Annual average index, 2015=100",Germany,2022,164.10,,
ESTAT:PRC_HPI_A(1.0),07/04/26 11:00:00,Annual,Total,"Annual average index, 2015=100",Germany,2023,150.30,,
ESTAT:PRC_HPI_A(1.0),07/04/26 11:00:00,Annual,Total,"Annual average index, 2015=100",Germany,2024,148.00,,
ESTAT:PRC_HPI_A(1.0),07/04/26 11:00:00,Annual,Total,"Annual average index, 2015=100",Germany,2025,152.70,p,
ESTAT:PRC_HPI_A(1.0),07/04/26 11:00:00,Annual,Total,"Annual average index, 2015=100",Denmark,2005,82.92,,
ESTAT:PRC_HPI_A(1.0),07/04/26 11:00:00,Annual,Total,"Annual average index, 2015=100",Denmark,2006,102.89,,
ESTAT:PRC_HPI_A(1.0),07/04/26 11:00:00,Annual,Total,"Annual average index, 2015=100",Denmark,2007,105.64,,
ESTAT:PRC_HPI_A(1.0),07/04/26 11:00:00,Annual,Total,"Annual average index, 2015=100",Denmark,2008,100.18,,
ESTAT:PRC_HPI_A(1.0),07/04/26 11:00:00,Annual,Total,"Annual average index, 2015=100",Denmark,2009,88.19,,
ESTAT:PRC_HPI_A(1.0),07/04/26 11:00:00,Annual,Total,"Annual average index, 2015=100",Denmark,2010,90.65,,
ESTAT:PRC_HPI_A(1.0),07/04/26 11:00:00,Annual,Total,"Annual average index, 2015=100",Denmark,2011,89.12,,
ESTAT:PRC_HPI_A(1.0),07/04/26 11:00:00,Annual,Total,"Annual average index, 2015=100",Denmark,2012,86.71,,
ESTAT:PRC_HPI_A(1.0),07/04/26 11:00:00,Annual,Total,"Annual average index, 2015=100",Denmark,2013,90.08,,
ESTAT:PRC_HPI_A(1.0),07/04/26 11:00:00,Annual,Total,"Annual average index, 2015=100",Denmark,2014,93.48,,
ESTAT:PRC_HPI_A(1.0),07/04/26 11:00:00,Annual,Total,"Annual average index, 2015=100",Denmark,2015,100.00,b,
ESTAT:PRC_HPI_A(1.0),07/04/26 11:00:00,Annual,Total,"Annual average index, 2015=100",Denmark,2016,104.57,,
ESTAT:PRC_HPI_A(1.0),07/04/26 11:00:00,Annual,Total,"Annual average index, 2015=100",Denmark,2017,109.75,,
ESTAT:PRC_HPI_A(1.0),07/04/26 11:00:00,Annual,Total,"Annual average index, 2015=100",Denmark,2018,114.59,,
ESTAT:PRC_HPI_A(1.0),07/04/26 11:00:00,Annual,Total,"Annual average index, 2015=100",Denmark,2019,117.13,,
ESTAT:PRC_HPI_A(1.0),07/04/26 11:00:00,Annual,Total,"Annual average index, 2015=100",Denmark,2020,122.18,,
ESTAT:PRC_HPI_A(1.0),07/04/26 11:00:00,Annual,Total,"Annual average index, 2015=100",Denmark,2021,136.28,,
ESTAT:PRC_HPI_A(1.0),07/04/26 11:00:00,Annual,Total,"Annual average index, 2015=100",Denmark,2022,142.70,,
ESTAT:PRC_HPI_A(1.0),07/04/26 11:00:00,Annual,Total,"Annual average index, 2015=100",Denmark,2023,137.28,,
ESTAT:PRC_HPI_A(1.0),07/04/26 11:00:00,Annual,Total,"Annual average index, 2015=100",Denmark,2024,142.11,,
ESTAT:PRC_HPI_A(1.0),07/04/26 11:00:00,Annual,Total,"Annual average index, 2015=100",Denmark,2025,152.77,,
ESTAT:PRC_HPI_A(1.0),07/04/26 11:00:00,Annual,Total,"Annual average index, 2015=100","Euro area (EA11-1999, EA12-2001, EA13-2007, EA15-2008, EA16-2009, EA17-2011, EA18-2014, EA19-2015, EA20-2023, EA21-2026)",2005,91.52,,
ESTAT:PRC_HPI_A(1.0),07/04/26 11:00:00,Annual,Total,"Annual average index, 2015=100","Euro area (EA11-1999, EA12-2001, EA13-2007, EA15-2008, EA16-2009, EA17-2011, EA18-2014, EA19-2015, EA20-2023, EA21-2026)",2006,97.70,,
ESTAT:PRC_HPI_A(1.0),07/04/26 11:00:00,Annual,Total,"Annual average index, 2015=100","Euro area (EA11-1999, EA12-2001, EA13-2007, EA15-2008, EA16-2009, EA17-2011, EA18-2014, EA19-2015, EA20-2023, EA21-2026)",2007,101.74,,
ESTAT:PRC_HPI_A(1.0),07/04/26 11:00:00,Annual,Total,"Annual average index, 2015=100","Euro area (EA11-1999, EA12-2001, EA13-2007, EA15-2008, EA16-2009, EA17-2011, EA18-2014, EA19-2015, EA20-2023, EA21-2026)",2008,102.95,,
ESTAT:PRC_HPI_A(1.0),07/04/26 11:00:00,Annual,Total,"Annual average index, 2015=100","Euro area (EA11-1999, EA12-2001, EA13-2007, EA15-2008, EA16-2009, EA17-2011, EA18-2014, EA19-2015, EA20-2023, EA21-2026)",2009,100.12,,
ESTAT:PRC_HPI_A(1.0),07/04/26 11:00:00,Annual,Total,"Annual average index, 2015=100","Euro area (EA11-1999, EA12-2001, EA13-2007, EA15-2008, EA16-2009, EA17-2011, EA18-2014, EA19-2015, EA20-2023, EA21-2026)",2010,101.08,,
ESTAT:PRC_HPI_A(1.0),07/04/26 11:00:00,Annual,Total,"Annual average index, 2015=100","Euro area (EA11-1999, EA12-2001, EA13-2007, EA15-2008, EA16-2009, EA17-2011, EA18-2014, EA19-2015, EA20-2023, EA21-2026)",2011,102.19,,
ESTAT:PRC_HPI_A(1.0),07/04/26 11:00:00,Annual,Total,"Annual average index, 2015=100","Euro area (EA11-1999, EA12-2001, EA13-2007, EA15-2008, EA16-2009, EA17-2011, EA18-2014, EA19-2015, EA20-2023, EA21-2026)",2012,100.08,,
ESTAT:PRC_HPI_A(1.0),07/04/26 11:00:00,Annual,Total,"Annual average index, 2015=100","Euro area (EA11-1999, EA12-2001, EA13-2007, EA15-2008, EA16-2009, EA17-2011, EA18-2014, EA19-2015, EA20-2023, EA21-2026)",2013,98.10,,
ESTAT:PRC_HPI_A(1.0),07/04/26 11:00:00,Annual,Total,"Annual average index, 2015=100","Euro area (EA11-1999, EA12-2001, EA13-2007, EA15-2008, EA16-2009, EA17-2011, EA18-2014, EA19-2015, EA20-2023, EA21-2026)",2014,98.37,,
ESTAT:PRC_HPI_A(1.0),07/04/26 11:00:00,Annual,Total,"Annual average index, 2015=100","Euro area (EA11-1999, EA12-2001, EA13-2007, EA15-2008, EA16-2009, EA17-2011, EA18-2014, EA19-2015, EA20-2023, EA21-2026)",2015,100.00,,
ESTAT:PRC_HPI_A(1.0),07/04/26 11:00:00,Annual,Total,"Annual average index, 2015=100","Euro area (EA11-1999, EA12-2001, EA13-2007, EA15-2008, EA16-2009, EA17-2011, EA18-2014, EA19-2015, EA20-2023, EA21-2026)",2016,104.03,,
ESTAT:PRC_HPI_A(1.0),07/04/26 11:00:00,Annual,Total,"Annual average index, 2015=100","Euro area (EA11-1999, EA12-2001, EA13-2007, EA15-2008, EA16-2009, EA17-2011, EA18-2014, EA19-2015, EA20-2023, EA21-2026)",2017,108.61,,
ESTAT:PRC_HPI_A(1.0),07/04/26 11:00:00,Annual,Total,"Annual average index, 2015=100","Euro area (EA11-1999, EA12-2001, EA13-2007, EA15-2008, EA16-2009, EA17-2011, EA18-2014, EA19-2015, EA20-2023, EA21-2026)",2018,113.84,,
ESTAT:PRC_HPI_A(1.0),07/04/26 11:00:00,Annual,Total,"Annual average index, 2015=100","Euro area (EA11-1999, EA12-2001, EA13-2007, EA15-2008, EA16-2009, EA17-2011, EA18-2014, EA19-2015, EA20-2023, EA21-2026)",2019,118.83,,
ESTAT:PRC_HPI_A(1.0),07/04/26 11:00:00,Annual,Total,"Annual average index, 2015=100","Euro area (EA11-1999, EA12-2001, EA13-2007, EA15-2008, EA16-2009, EA17-2011, EA18-2014, EA19-2015, EA20-2023, EA21-2026)",2020,125.07,,
ESTAT:PRC_HPI_A(1.0),07/04/26 11:00:00,Annual,Total,"Annual average index, 2015=100","Euro area (EA11-1999, EA12-2001, EA13-2007, EA15-2008, EA16-2009, EA17-2011, EA18-2014, EA19-2015, EA20-2023, EA21-2026)",2021,134.95,,
ESTAT:PRC_HPI_A(1.0),07/04/26 11:00:00,Annual,Total,"Annual average index, 2015=100","Euro area (EA11-1999, EA12-2001, EA13-2007, EA15-2008, EA16-2009, EA17-2011, EA18-2014, EA19-2015, EA20-2023, EA21-2026)",2022,144.76,,
ESTAT:PRC_HPI_A(1.0),07/04/26 11:00:00,Annual,Total,"Annual average index, 2015=100","Euro area (EA11-1999, EA12-2001, EA13-2007, EA15-2008, EA16-2009, EA17-2011, EA18-2014, EA19-2015, EA20-2023, EA21-2026)",2023,143.04,,
ESTAT:PRC_HPI_A(1.0),07/04/26 11:00:00,Annual,Total,"Annual average index, 2015=100","Euro area (EA11-1999, EA12-2001, EA13-2007, EA15-2008, EA16-2009, EA17-2011, EA18-2014, EA19-2015, EA20-2023, EA21-2026)",2024,145.93,,
ESTAT:PRC_HPI_A(1.0),07/04/26 11:00:00,Annual,Total,"Annual average index, 2015=100","Euro area (EA11-1999, EA12-2001, EA13-2007, EA15-2008, EA16-2009, EA17-2011, EA18-2014, EA19-2015, EA20-2023, EA21-2026)",2025,153.46,,
ESTAT:PRC_HPI_A(1.0),07/04/26 11:00:00,Annual,Total,"Annual average index, 2015=100",Euro area - 19 countries  (2015-2022),2005,90.68,,
ESTAT:PRC_HPI_A(1.0),07/04/26 11:00:00,Annual,Total,"Annual average index, 2015=100",Euro area - 19 countries  (2015-2022),2006,97.25,,
ESTAT:PRC_HPI_A(1.0),07/04/26 11:00:00,Annual,Total,"Annual average index, 2015=100",Euro area - 19 countries  (2015-2022),2007,101.81,,
ESTAT:PRC_HPI_A(1.0),07/04/26 11:00:00,Annual,Total,"Annual average index, 2015=100",Euro area - 19 countries  (2015-2022),2008,103.23,,
ESTAT:PRC_HPI_A(1.0),07/04/26 11:00:00,Annual,Total,"Annual average index, 2015=100",Euro area - 19 countries  (2015-2022),2009,100.00,,
ESTAT:PRC_HPI_A(1.0),07/04/26 11:00:00,Annual,Total,"Annual average index, 2015=100",Euro area - 19 countries  (2015-2022),2010,100.91,,
ESTAT:PRC_HPI_A(1.0),07/04/26 11:00:00,Annual,Total,"Annual average index, 2015=100",Euro area - 19 countries  (2015-2022),2011,102.07,,
ESTAT:PRC_HPI_A(1.0),07/04/26 11:00:00,Annual,Total,"Annual average index, 2015=100",Euro area - 19 countries  (2015-2022),2012,99.98,,
ESTAT:PRC_HPI_A(1.0),07/04/26 11:00:00,Annual,Total,"Annual average index, 2015=100",Euro area - 19 countries  (2015-2022),2013,98.05,,
ESTAT:PRC_HPI_A(1.0),07/04/26 11:00:00,Annual,Total,"Annual average index, 2015=100",Euro area - 19 countries  (2015-2022),2014,98.37,,
ESTAT:PRC_HPI_A(1.0),07/04/26 11:00:00,Annual,Total,"Annual average index, 2015=100",Euro area - 19 countries  (2015-2022),2015,100.00,,
ESTAT:PRC_HPI_A(1.0),07/04/26 11:00:00,Annual,Total,"Annual average index, 2015=100",Euro area - 19 countries  (2015-2022),2016,104.03,,
ESTAT:PRC_HPI_A(1.0),07/04/26 11:00:00,Annual,Total,"Annual average index, 2015=100",Euro area - 19 countries  (2015-2022),2017,108.61,,
ESTAT:PRC_HPI_A(1.0),07/04/26 11:00:00,Annual,Total,"Annual average index, 2015=100",Euro area - 19 countries  (2015-2022),2018,113.84,,
ESTAT:PRC_HPI_A(1.0),07/04/26 11:00:00,Annual,Total,"Annual average index, 2015=100",Euro area - 19 countries  (2015-2022),2019,118.83,,
ESTAT:PRC_HPI_A(1.0),07/04/26 11:00:00,Annual,Total,"Annual average index, 2015=100",Euro area - 19 countries  (2015-2022),2020,125.07,,
ESTAT:PRC_HPI_A(1.0),07/04/26 11:00:00,Annual,Total,"Annual average index, 2015=100",Euro area - 19 countries  (2015-2022),2021,134.95,,
ESTAT:PRC_HPI_A(1.0),07/04/26 11:00:00,Annual,Total,"Annual average index, 2015=100",Euro area - 19 countries  (2015-2022),2022,144.76,,
ESTAT:PRC_HPI_A(1.0),07/04/26 11:00:00,Annual,Total,"Annual average index, 2015=100",Euro area - 19 countries  (2015-2022),2023,142.96,,
ESTAT:PRC_HPI_A(1.0),07/04/26 11:00:00,Annual,Total,"Annual average index, 2015=100",Euro area - 19 countries  (2015-2022),2024,145.74,,
ESTAT:PRC_HPI_A(1.0),07/04/26 11:00:00,Annual,Total,"Annual average index, 2015=100",Euro area - 19 countries  (2015-2022),2025,153.15,,
ESTAT:PRC_HPI_A(1.0),07/04/26 11:00:00,Annual,Total,"Annual average index, 2015=100",Euro area – 20 countries (2023-2025),2005,90.68,,
ESTAT:PRC_HPI_A(1.0),07/04/26 11:00:00,Annual,Total,"Annual average index, 2015=100",Euro area – 20 countries (2023-2025),2006,97.31,,
ESTAT:PRC_HPI_A(1.0),07/04/26 11:00:00,Annual,Total,"Annual average index, 2015=100",Euro area – 20 countries (2023-2025),2007,101.92,,
ESTAT:PRC_HPI_A(1.0),07/04/26 11:00:00,Annual,Total,"Annual average index, 2015=100",Euro area – 20 countries (2023-2025),2008,103.36,,
ESTAT:PRC_HPI_A(1.0),07/04/26 11:00:00,Annual,Total,"Annual average index, 2015=100",Euro area – 20 countries (2023-2025),2009,100.11,,
ESTAT:PRC_HPI_A(1.0),07/04/26 11:00:00,Annual,Total,"Annual average index, 2015=100",Euro area – 20 countries (2023-2025),2010,100.96,,
ESTAT:PRC_HPI_A(1.0),07/04/26 11:00:00,Annual,Total,"Annual average index, 2015=100",Euro area – 20 countries (2023-2025),2011,102.12,,
ESTAT:PRC_HPI_A(1.0),07/04/26 11:00:00,Annual,Total,"Annual average index, 2015=100",Euro area – 20 countries (2023-2025),2012,100.04,,
ESTAT:PRC_HPI_A(1.0),07/04/26 11:00:00,Annual,Total,"Annual average index, 2015=100",Euro area – 20 countries (2023-2025),2013,98.09,,
ESTAT:PRC_HPI_A(1.0),07/04/26 11:00:00,Annual,Total,"Annual average index, 2015=100",Euro area – 20 countries (2023-2025),2014,98.40,,
ESTAT:PRC_HPI_A(1.0),07/04/26 11:00:00,Annual,Total,"Annual average index, 2015=100",Euro area – 20 countries (2023-2025),2015,100.00,,
ESTAT:PRC_HPI_A(1.0),07/04/26 11:00:00,Annual,Total,"Annual average index, 2015=100",Euro area – 20 countries (2023-2025),2016,104.01,,
ESTAT:PRC_HPI_A(1.0),07/04/26 11:00:00,Annual,Total,"Annual average index, 2015=100",Euro area – 20 countries (2023-2025),2017,108.59,,
ESTAT:PRC_HPI_A(1.0),07/04/26 11:00:00,Annual,Total,"Annual average index, 2015=100",Euro area – 20 countries (2023-2025),2018,113.83,,
ESTAT:PRC_HPI_A(1.0),07/04/26 11:00:00,Annual,Total,"Annual average index, 2015=100",Euro area – 20 countries (2023-2025),2019,118.84,,
ESTAT:PRC_HPI_A(1.0),07/04/26 11:00:00,Annual,Total,"Annual average index, 2015=100",Euro area – 20 countries (2023-2025),2020,125.11,,
ESTAT:PRC_HPI_A(1.0),07/04/26 11:00:00,Annual,Total,"Annual average index, 2015=100",Euro area – 20 countries (2023-2025),2021,134.99,,
ESTAT:PRC_HPI_A(1.0),07/04/26 11:00:00,Annual,Total,"Annual average index, 2015=100",Euro area – 20 countries (2023-2025),2022,144.88,,
ESTAT:PRC_HPI_A(1.0),07/04/26 11:00:00,Annual,Total,"Annual average index, 2015=100",Euro area – 20 countries (2023-2025),2023,143.23,,
ESTAT:PRC_HPI_A(1.0),07/04/26 11:00:00,Annual,Total,"Annual average index, 2015=100",Euro area – 20 countries (2023-2025),2024,146.12,,
ESTAT:PRC_HPI_A(1.0),07/04/26 11:00:00,Annual,Total,"Annual average index, 2015=100",Euro area – 20 countries (2023-2025),2025,153.67,,
ESTAT:PRC_HPI_A(1.0),07/04/26 11:00:00,Annual,Total,"Annual average index, 2015=100",Euro area – 21 countries (from 2026),2005,90.53,,
ESTAT:PRC_HPI_A(1.0),07/04/26 11:00:00,Annual,Total,"Annual average index, 2015=100",Euro area – 21 countries (from 2026),2006,97.20,,
ESTAT:PRC_HPI_A(1.0),07/04/26 11:00:00,Annual,Total,"Annual average index, 2015=100",Euro area – 21 countries (from 2026),2007,102.00,,
ESTAT:PRC_HPI_A(1.0),07/04/26 11:00:00,Annual,Total,"Annual average index, 2015=100",Euro area – 21 countries (from 2026),2008,103.65,,
ESTAT:PRC_HPI_A(1.0),07/04/26 11:00:00,Annual,Total,"Annual average index, 2015=100",Euro area – 21 countries (from 2026),2009,100.24,,
ESTAT:PRC_HPI_A(1.0),07/04/26 11:00:00,Annual,Total,"Annual average index, 2015=100",Euro area – 21 countries (from 2026),2010,101.00,,
ESTAT:PRC_HPI_A(1.0),07/04/26 11:00:00,Annual,Total,"Annual average index, 2015=100",Euro area – 21 countries (from 2026),2011,102.10,,
ESTAT:PRC_HPI_A(1.0),07/04/26 11:00:00,Annual,Total,"Annual average index, 2015=100",Euro area – 21 countries (from 2026),2012,100.02,,
ESTAT:PRC_HPI_A(1.0),07/04/26 11:00:00,Annual,Total,"Annual average index, 2015=100",Euro area – 21 countries (from 2026),2013,98.07,,
ESTAT:PRC_HPI_A(1.0),07/04/26 11:00:00,Annual,Total,"Annual average index, 2015=100",Euro area – 21 countries (from 2026),2014,98.39,,
ESTAT:PRC_HPI_A(1.0),07/04/26 11:00:00,Annual,Total,"Annual average index, 2015=100",Euro area – 21 countries (from 2026),2015,100.00,,
ESTAT:PRC_HPI_A(1.0),07/04/26 11:00:00,Annual,Total,"Annual average index, 2015=100",Euro area – 21 countries (from 2026),2016,104.04,,
ESTAT:PRC_HPI_A(1.0),07/04/26 11:00:00,Annual,Total,"Annual average index, 2015=100",Euro area – 21 countries (from 2026),2017,108.66,,
ESTAT:PRC_HPI_A(1.0),07/04/26 11:00:00,Annual,Total,"Annual average index, 2015=100",Euro area – 21 countries (from 2026),2018,113.92,,
ESTAT:PRC_HPI_A(1.0),07/04/26 11:00:00,Annual,Total,"Annual average index, 2015=100",Euro area – 21 countries (from 2026),2019,118.96,,
ESTAT:PRC_HPI_A(1.0),07/04/26 11:00:00,Annual,Total,"Annual average index, 2015=100",Euro area – 21 countries (from 2026),2020,125.23,,
ESTAT:PRC_HPI_A(1.0),07/04/26 11:00:00,Annual,Total,"Annual average index, 2015=100",Euro area – 21 countries (from 2026),2021,135.12,,
ESTAT:PRC_HPI_A(1.0),07/04/26 11:00:00,Annual,Total,"Annual average index, 2015=100",Euro area – 21 countries (from 2026),2022,145.11,,
ESTAT:PRC_HPI_A(1.0),07/04/26 11:00:00,Annual,Total,"Annual average index, 2015=100",Euro area – 21 countries (from 2026),2023,143.63,,
ESTAT:PRC_HPI_A(1.0),07/04/26 11:00:00,Annual,Total,"Annual average index, 2015=100",Euro area – 21 countries (from 2026),2024,146.77,,
ESTAT:PRC_HPI_A(1.0),07/04/26 11:00:00,Annual,Total,"Annual average index, 2015=100",Euro area – 21 countries (from 2026),2025,154.51,,
ESTAT:PRC_HPI_A(1.0),07/04/26 11:00:00,Annual,Total,"Annual average index, 2015=100",Estonia,2005,59.01,,
ESTAT:PRC_HPI_A(1.0),07/04/26 11:00:00,Annual,Total,"Annual average index, 2015=100",Estonia,2006,88.22,,
ESTAT:PRC_HPI_A(1.0),07/04/26 11:00:00,Annual,Total,"Annual average index, 2015=100",Estonia,2007,106.54,,
ESTAT:PRC_HPI_A(1.0),07/04/26 11:00:00,Annual,Total,"Annual average index, 2015=100",Estonia,2008,96.29,,
ESTAT:PRC_HPI_A(1.0),07/04/26 11:00:00,Annual,Total,"Annual average index, 2015=100",Estonia,2009,60.47,,
ESTAT:PRC_HPI_A(1.0),07/04/26 11:00:00,Annual,Total,"Annual average index, 2015=100",Estonia,2010,63.90,,
ESTAT:PRC_HPI_A(1.0),07/04/26 11:00:00,Annual,Total,"Annual average index, 2015=100",Estonia,2011,69.32,,
ESTAT:PRC_HPI_A(1.0),07/04/26 11:00:00,Annual,Total,"Annual average index, 2015=100",Estonia,2012,74.37,,
ESTAT:PRC_HPI_A(1.0),07/04/26 11:00:00,Annual,Total,"Annual average index, 2015=100",Estonia,2013,82.29,,
ESTAT:PRC_HPI_A(1.0),07/04/26 11:00:00,Annual,Total,"Annual average index, 2015=100",Estonia,2014,93.58,,
ESTAT:PRC_HPI_A(1.0),07/04/26 11:00:00,Annual,Total,"Annual average index, 2015=100",Estonia,2015,100.00,,
ESTAT:PRC_HPI_A(1.0),07/04/26 11:00:00,Annual,Total,"Annual average index, 2015=100",Estonia,2016,104.75,,
ESTAT:PRC_HPI_A(1.0),07/04/26 11:00:00,Annual,Total,"Annual average index, 2015=100",Estonia,2017,110.51,,
ESTAT:PRC_HPI_A(1.0),07/04/26 11:00:00,Annual,Total,"Annual average index, 2015=100",Estonia,2018,117.07,,
ESTAT:PRC_HPI_A(1.0),07/04/26 11:00:00,Annual,Total,"Annual average index, 2015=100",Estonia,2019,125.27,,
ESTAT:PRC_HPI_A(1.0),07/04/26 11:00:00,Annual,Total,"Annual average index, 2015=100",Estonia,2020,132.79,,
ESTAT:PRC_HPI_A(1.0),07/04/26 11:00:00,Annual,Total,"Annual average index, 2015=100",Estonia,2021,152.78,,
ESTAT:PRC_HPI_A(1.0),07/04/26 11:00:00,Annual,Total,"Annual average index, 2015=100",Estonia,2022,186.76,,
ESTAT:PRC_HPI_A(1.0),07/04/26 11:00:00,Annual,Total,"Annual average index, 2015=100",Estonia,2023,197.72,,
ESTAT:PRC_HPI_A(1.0),07/04/26 11:00:00,Annual,Total,"Annual average index, 2015=100",Estonia,2024,209.79,,
ESTAT:PRC_HPI_A(1.0),07/04/26 11:00:00,Annual,Total,"Annual average index, 2015=100",Estonia,2025,220.72,,
ESTAT:PRC_HPI_A(1.0),07/04/26 11:00:00,Annual,Total,"Annual average index, 2015=100",Spain,2005,,,N
ESTAT:PRC_HPI_A(1.0),07/04/26 11:00:00,Annual,Total,"Annual average index, 2015=100",Spain,2006,135.50,,
ESTAT:PRC_HPI_A(1.0),07/04/26 11:00:00,Annual,Total,"Annual average index, 2015=100",Spain,2007,148.79,,
ESTAT:PRC_HPI_A(1.0),07/04/26 11:00:00,Annual,Total,"Annual average index, 2015=100",Spain,2008,146.66,,
ESTAT:PRC_HPI_A(1.0),07/04/26 11:00:00,Annual,Total,"Annual average index, 2015=100",Spain,2009,136.97,,
ESTAT:PRC_HPI_A(1.0),07/04/26 11:00:00,Annual,Total,"Annual average index, 2015=100",Spain,2010,134.55,,
ESTAT:PRC_HPI_A(1.0),07/04/26 11:00:00,Annual,Total,"Annual average index, 2015=100",Spain,2011,124.27,,
ESTAT:PRC_HPI_A(1.0),07/04/26 11:00:00,Annual,Total,"Annual average index, 2015=100",Spain,2012,105.90,,
ESTAT:PRC_HPI_A(1.0),07/04/26 11:00:00,Annual,Total,"Annual average index, 2015=100",Spain,2013,96.24,,
ESTAT:PRC_HPI_A(1.0),07/04/26 11:00:00,Annual,Total,"Annual average index, 2015=100",Spain,2014,96.54,,
ESTAT:PRC_HPI_A(1.0),07/04/26 11:00:00,Annual,Total,"Annual average index, 2015=100",Spain,2015,100.00,,
ESTAT:PRC_HPI_A(1.0),07/04/26 11:00:00,Annual,Total,"Annual average index, 2015=100",Spain,2016,104.62,,
ESTAT:PRC_HPI_A(1.0),07/04/26 11:00:00,Annual,Total,"Annual average index, 2015=100",Spain,2017,111.10,,
ESTAT:PRC_HPI_A(1.0),07/04/26 11:00:00,Annual,Total,"Annual average index, 2015=100",Spain,2018,118.58,,
ESTAT:PRC_HPI_A(1.0),07/04/26 11:00:00,Annual,Total,"Annual average index, 2015=100",Spain,2019,124.71,,
ESTAT:PRC_HPI_A(1.0),07/04/26 11:00:00,Annual,Total,"Annual average index, 2015=100",Spain,2020,127.50,,
ESTAT:PRC_HPI_A(1.0),07/04/26 11:00:00,Annual,Total,"Annual average index, 2015=100",Spain,2021,132.19,,
ESTAT:PRC_HPI_A(1.0),07/04/26 11:00:00,Annual,Total,"Annual average index, 2015=100",Spain,2022,141.98,,
ESTAT:PRC_HPI_A(1.0),07/04/26 11:00:00,Annual,Total,"Annual average index, 2015=100",Spain,2023,147.69,,
ESTAT:PRC_HPI_A(1.0),07/04/26 11:00:00,Annual,Total,"Annual average index, 2015=100",Spain,2024,160.25,,
ESTAT:PRC_HPI_A(1.0),07/04/26 11:00:00,Annual,Total,"Annual average index, 2015=100",Spain,2025,180.60,,
ESTAT:PRC_HPI_A(1.0),07/04/26 11:00:00,Annual,Total,"Annual average index, 2015=100","European Union (EU6-1958, EU9-1973, EU10-1981, EU12-1986, EU15-1995, EU25-2004, EU27-2007, EU28-2013, EU27-2020)",2005,85.34,,
ESTAT:PRC_HPI_A(1.0),07/04/26 11:00:00,Annual,Total,"Annual average index, 2015=100","European Union (EU6-1958, EU9-1973, EU10-1981, EU12-1986, EU15-1995, EU25-2004, EU27-2007, EU28-2013, EU27-2020)",2006,92.86,,
ESTAT:PRC_HPI_A(1.0),07/04/26 11:00:00,Annual,Total,"Annual average index, 2015=100","European Union (EU6-1958, EU9-1973, EU10-1981, EU12-1986, EU15-1995, EU25-2004, EU27-2007, EU28-2013, EU27-2020)",2007,100.89,,
ESTAT:PRC_HPI_A(1.0),07/04/26 11:00:00,Annual,Total,"Annual average index, 2015=100","European Union (EU6-1958, EU9-1973, EU10-1981, EU12-1986, EU15-1995, EU25-2004, EU27-2007, EU28-2013, EU27-2020)",2008,101.43,,
ESTAT:PRC_HPI_A(1.0),07/04/26 11:00:00,Annual,Total,"Annual average index, 2015=100","European Union (EU6-1958, EU9-1973, EU10-1981, EU12-1986, EU15-1995, EU25-2004, EU27-2007, EU28-2013, EU27-2020)",2009,96.94,,
ESTAT:PRC_HPI_A(1.0),07/04/26 11:00:00,Annual,Total,"Annual average index, 2015=100","European Union (EU6-1958, EU9-1973, EU10-1981, EU12-1986, EU15-1995, EU25-2004, EU27-2007, EU28-2013, EU27-2020)",2010,98.10,,
ESTAT:PRC_HPI_A(1.0),07/04/26 11:00:00,Annual,Total,"Annual average index, 2015=100","European Union (EU6-1958, EU9-1973, EU10-1981, EU12-1986, EU15-1995, EU25-2004, EU27-2007, EU28-2013, EU27-2020)",2011,98.44,,
ESTAT:PRC_HPI_A(1.0),07/04/26 11:00:00,Annual,Total,"Annual average index, 2015=100","European Union (EU6-1958, EU9-1973, EU10-1981, EU12-1986, EU15-1995, EU25-2004, EU27-2007, EU28-2013, EU27-2020)",2012,96.69,,
ESTAT:PRC_HPI_A(1.0),07/04/26 11:00:00,Annual,Total,"Annual average index, 2015=100","European Union (EU6-1958, EU9-1973, EU10-1981, EU12-1986, EU15-1995, EU25-2004, EU27-2007, EU28-2013, EU27-2020)",2013,95.61,,
ESTAT:PRC_HPI_A(1.0),07/04/26 11:00:00,Annual,Total,"Annual average index, 2015=100","European Union (EU6-1958, EU9-1973, EU10-1981, EU12-1986, EU15-1995, EU25-2004, EU27-2007, EU28-2013, EU27-2020)",2014,97.26,,
ESTAT:PRC_HPI_A(1.0),07/04/26 11:00:00,Annual,Total,"Annual average index, 2015=100","European Union (EU6-1958, EU9-1973, EU10-1981, EU12-1986, EU15-1995, EU25-2004, EU27-2007, EU28-2013, EU27-2020)",2015,100.00,,
ESTAT:PRC_HPI_A(1.0),07/04/26 11:00:00,Annual,Total,"Annual average index, 2015=100","European Union (EU6-1958, EU9-1973, EU10-1981, EU12-1986, EU15-1995, EU25-2004, EU27-2007, EU28-2013, EU27-2020)",2016,104.69,,
ESTAT:PRC_HPI_A(1.0),07/04/26 11:00:00,Annual,Total,"Annual average index, 2015=100","European Union (EU6-1958, EU9-1973, EU10-1981, EU12-1986, EU15-1995, EU25-2004, EU27-2007, EU28-2013, EU27-2020)",2017,109.67,,
ESTAT:PRC_HPI_A(1.0),07/04/26 11:00:00,Annual,Total,"Annual average index, 2015=100","European Union (EU6-1958, EU9-1973, EU10-1981, EU12-1986, EU15-1995, EU25-2004, EU27-2007, EU28-2013, EU27-2020)",2018,114.93,,
ESTAT:PRC_HPI_A(1.0),07/04/26 11:00:00,Annual,Total,"Annual average index, 2015=100","European Union (EU6-1958, EU9-1973, EU10-1981, EU12-1986, EU15-1995, EU25-2004, EU27-2007, EU28-2013, EU27-2020)",2019,119.93,,
ESTAT:PRC_HPI_A(1.0),07/04/26 11:00:00,Annual,Total,"Annual average index, 2015=100","European Union (EU6-1958, EU9-1973, EU10-1981, EU12-1986, EU15-1995, EU25-2004, EU27-2007, EU28-2013, EU27-2020)",2020,126.45,,
ESTAT:PRC_HPI_A(1.0),07/04/26 11:00:00,Annual,Total,"Annual average index, 2015=100","European Union (EU6-1958, EU9-1973, EU10-1981, EU12-1986, EU15-1995, EU25-2004, EU27-2007, EU28-2013, EU27-2020)",2021,137.09,,
ESTAT:PRC_HPI_A(1.0),07/04/26 11:00:00,Annual,Total,"Annual average index, 2015=100","European Union (EU6-1958, EU9-1973, EU10-1981, EU12-1986, EU15-1995, EU25-2004, EU27-2007, EU28-2013, EU27-2020)",2022,148.05,,
ESTAT:PRC_HPI_A(1.0),07/04/26 11:00:00,Annual,Total,"Annual average index, 2015=100","European Union (EU6-1958, EU9-1973, EU10-1981, EU12-1986, EU15-1995, EU25-2004, EU27-2007, EU28-2013, EU27-2020)",2023,147.65,,
ESTAT:PRC_HPI_A(1.0),07/04/26 11:00:00,Annual,Total,"Annual average index, 2015=100","European Union (EU6-1958, EU9-1973, EU10-1981, EU12-1986, EU15-1995, EU25-2004, EU27-2007, EU28-2013, EU27-2020)",2024,152.62,,
ESTAT:PRC_HPI_A(1.0),07/04/26 11:00:00,Annual,Total,"Annual average index, 2015=100","European Union (EU6-1958, EU9-1973, EU10-1981, EU12-1986, EU15-1995, EU25-2004, EU27-2007, EU28-2013, EU27-2020)",2025,161.05,,
ESTAT:PRC_HPI_A(1.0),07/04/26 11:00:00,Annual,Total,"Annual average index, 2015=100",European Union - 27 countries (from 2020),2005,85.85,,
ESTAT:PRC_HPI_A(1.0),07/04/26 11:00:00,Annual,Total,"Annual average index, 2015=100",European Union - 27 countries (from 2020),2006,94.31,,
ESTAT:PRC_HPI_A(1.0),07/04/26 11:00:00,Annual,Total,"Annual average index, 2015=100",European Union - 27 countries (from 2020),2007,102.32,,
ESTAT:PRC_HPI_A(1.0),07/04/26 11:00:00,Annual,Total,"Annual average index, 2015=100",European Union - 27 countries (from 2020),2008,103.67,,
ESTAT:PRC_HPI_A(1.0),07/04/26 11:00:00,Annual,Total,"Annual average index, 2015=100",European Union - 27 countries (from 2020),2009,99.78,,
ESTAT:PRC_HPI_A(1.0),07/04/26 11:00:00,Annual,Total,"Annual average index, 2015=100",European Union - 27 countries (from 2020),2010,100.25,,
ESTAT:PRC_HPI_A(1.0),07/04/26 11:00:00,Annual,Total,"Annual average index, 2015=100",European Union - 27 countries (from 2020),2011,100.88,,
ESTAT:PRC_HPI_A(1.0),07/04/26 11:00:00,Annual,Total,"Annual average index, 2015=100",European Union - 27 countries (from 2020),2012,98.76,,
ESTAT:PRC_HPI_A(1.0),07/04/26 11:00:00,Annual,Total,"Annual average index, 2015=100",European Union - 27 countries (from 2020),2013,97.06,,
ESTAT:PRC_HPI_A(1.0),07/04/26 11:00:00,Annual,Total,"Annual average index, 2015=100",European Union - 27 countries (from 2020),2014,97.75,,
ESTAT:PRC_HPI_A(1.0),07/04/26 11:00:00,Annual,Total,"Annual average index, 2015=100",European Union - 27 countries (from 2020),2015,100.00,,
ESTAT:PRC_HPI_A(1.0),07/04/26 11:00:00,Annual,Total,"Annual average index, 2015=100",European Union - 27 countries (from 2020),2016,104.31,,
ESTAT:PRC_HPI_A(1.0),07/04/26 11:00:00,Annual,Total,"Annual average index, 2015=100",European Union - 27 countries (from 2020),2017,109.31,,
ESTAT:PRC_HPI_A(1.0),07/04/26 11:00:00,Annual,Total,"Annual average index, 2015=100",European Union - 27 countries (from 2020),2018,114.81,,
ESTAT:PRC_HPI_A(1.0),07/04/26 11:00:00,Annual,Total,"Annual average index, 2015=100",European Union - 27 countries (from 2020),2019,120.40,,
ESTAT:PRC_HPI_A(1.0),07/04/26 11:00:00,Annual,Total,"Annual average index, 2015=100",European Union - 27 countries (from 2020),2020,127.14,,
ESTAT:PRC_HPI_A(1.0),07/04/26 11:00:00,Annual,Total,"Annual average index, 2015=100",European Union - 27 countries (from 2020),2021,137.84,,
ESTAT:PRC_HPI_A(1.0),07/04/26 11:00:00,Annual,Total,"Annual average index, 2015=100",European Union - 27 countries (from 2020),2022,148.86,,
ESTAT:PRC_HPI_A(1.0),07/04/26 11:00:00,Annual,Total,"Annual average index, 2015=100",European Union - 27 countries (from 2020),2023,148.45,,
ESTAT:PRC_HPI_A(1.0),07/04/26 11:00:00,Annual,Total,"Annual average index, 2015=100",European Union - 27 countries (from 2020),2024,153.45,,
ESTAT:PRC_HPI_A(1.0),07/04/26 11:00:00,Annual,Total,"Annual average index, 2015=100",European Union - 27 countries (from 2020),2025,161.92,,
ESTAT:PRC_HPI_A(1.0),07/04/26 11:00:00,Annual,Total,"Annual average index, 2015=100",European Union - 28 countries (2013-2020),2005,84.77,,
ESTAT:PRC_HPI_A(1.0),07/04/26 11:00:00,Annual,Total,"Annual average index, 2015=100",European Union - 28 countries (2013-2020),2006,92.86,,
ESTAT:PRC_HPI_A(1.0),07/04/26 11:00:00,Annual,Total,"Annual average index, 2015=100",European Union - 28 countries (2013-2020),2007,100.94,,
ESTAT:PRC_HPI_A(1.0),07/04/26 11:00:00,Annual,Total,"Annual average index, 2015=100",European Union - 28 countries (2013-2020),2008,101.49,,
ESTAT:PRC_HPI_A(1.0),07/04/26 11:00:00,Annual,Total,"Annual average index, 2015=100",European Union - 28 countries (2013-2020),2009,96.99,,
ESTAT:PRC_HPI_A(1.0),07/04/26 11:00:00,Annual,Total,"Annual average index, 2015=100",European Union - 28 countries (2013-2020),2010,98.12,,
ESTAT:PRC_HPI_A(1.0),07/04/26 11:00:00,Annual,Total,"Annual average index, 2015=100",European Union - 28 countries (2013-2020),2011,98.46,,
ESTAT:PRC_HPI_A(1.0),07/04/26 11:00:00,Annual,Total,"Annual average index, 2015=100",European Union - 28 countries (2013-2020),2012,96.70,,
ESTAT:PRC_HPI_A(1.0),07/04/26 11:00:00,Annual,Total,"Annual average index, 2015=100",European Union - 28 countries (2013-2020),2013,95.61,,
ESTAT:PRC_HPI_A(1.0),07/04/26 11:00:00,Annual,Total,"Annual average index, 2015=100",European Union - 28 countries (2013-2020),2014,97.26,,
ESTAT:PRC_HPI_A(1.0),07/04/26 11:00:00,Annual,Total,"Annual average index, 2015=100",European Union - 28 countries (2013-2020),2015,100.00,,
ESTAT:PRC_HPI_A(1.0),07/04/26 11:00:00,Annual,Total,"Annual average index, 2015=100",European Union - 28 countries (2013-2020),2016,104.69,,
ESTAT:PRC_HPI_A(1.0),07/04/26 11:00:00,Annual,Total,"Annual average index, 2015=100",European Union - 28 countries (2013-2020),2017,109.67,,
ESTAT:PRC_HPI_A(1.0),07/04/26 11:00:00,Annual,Total,"Annual average index, 2015=100",European Union - 28 countries (2013-2020),2018,114.93,,
ESTAT:PRC_HPI_A(1.0),07/04/26 11:00:00,Annual,Total,"Annual average index, 2015=100",European Union - 28 countries (2013-2020),2019,119.93,,
ESTAT:PRC_HPI_A(1.0),07/04/26 11:00:00,Annual,Total,"Annual average index, 2015=100",Finland,2005,76.25,,
ESTAT:PRC_HPI_A(1.0),07/04/26 11:00:00,Annual,Total,"Annual average index, 2015=100",Finland,2006,81.56,,
ESTAT:PRC_HPI_A(1.0),07/04/26 11:00:00,Annual,Total,"Annual average index, 2015=100",Finland,2007,86.37,,
ESTAT:PRC_HPI_A(1.0),07/04/26 11:00:00,Annual,Total,"Annual average index, 2015=100",Finland,2008,87.06,,
ESTAT:PRC_HPI_A(1.0),07/04/26 11:00:00,Annual,Total,"Annual average index, 2015=100",Finland,2009,88.31,,
ESTAT:PRC_HPI_A(1.0),07/04/26 11:00:00,Annual,Total,"Annual average index, 2015=100",Finland,2010,93.88,,
ESTAT:PRC_HPI_A(1.0),07/04/26 11:00:00,Annual,Total,"Annual average index, 2015=100",Finland,2011,96.87,,
ESTAT:PRC_HPI_A(1.0),07/04/26 11:00:00,Annual,Total,"Annual average index, 2015=100",Finland,2012,99.21,,
ESTAT:PRC_HPI_A(1.0),07/04/26 11:00:00,Annual,Total,"Annual average index, 2015=100",Finland,2013,100.35,,
ESTAT:PRC_HPI_A(1.0),07/04/26 11:00:00,Annual,Total,"Annual average index, 2015=100",Finland,2014,100.00,,
ESTAT:PRC_HPI_A(1.0),07/04/26 11:00:00,Annual,Total,"Annual average index, 2015=100",Finland,2015,100.00,b,
ESTAT:PRC_HPI_A(1.0),07/04/26 11:00:00,Annual,Total,"Annual average index, 2015=100",Finland,2016,101.29,,
ESTAT:PRC_HPI_A(1.0),07/04/26 11:00:00,Annual,Total,"Annual average index, 2015=100",Finland,2017,102.39,,
ESTAT:PRC_HPI_A(1.0),07/04/26 11:00:00,Annual,Total,"Annual average index, 2015=100",Finland,2018,103.34,,
ESTAT:PRC_HPI_A(1.0),07/04/26 11:00:00,Annual,Total,"Annual average index, 2015=100",Finland,2019,103.77,,
ESTAT:PRC_HPI_A(1.0),07/04/26 11:00:00,Annual,Total,"Annual average index, 2015=100",Finland,2020,105.60,,
ESTAT:PRC_HPI_A(1.0),07/04/26 11:00:00,Annual,Total,"Annual average index, 2015=100",Finland,2021,110.46,,
ESTAT:PRC_HPI_A(1.0),07/04/26 11:00:00,Annual,Total,"Annual average index, 2015=100",Finland,2022,111.52,,
ESTAT:PRC_HPI_A(1.0),07/04/26 11:00:00,Annual,Total,"Annual average index, 2015=100",Finland,2023,104.58,,
ESTAT:PRC_HPI_A(1.0),07/04/26 11:00:00,Annual,Total,"Annual average index, 2015=100",Finland,2024,101.35,,
ESTAT:PRC_HPI_A(1.0),07/04/26 11:00:00,Annual,Total,"Annual average index, 2015=100",Finland,2025,98.86,p,
ESTAT:PRC_HPI_A(1.0),07/04/26 11:00:00,Annual,Total,"Annual average index, 2015=100",France,2005,84.72,,
ESTAT:PRC_HPI_A(1.0),07/04/26 11:00:00,Annual,Total,"Annual average index, 2015=100",France,2006,94.51,,
ESTAT:PRC_HPI_A(1.0),07/04/26 11:00:00,Annual,Total,"Annual average index, 2015=100",France,2007,100.57,,
ESTAT:PRC_HPI_A(1.0),07/04/26 11:00:00,Annual,Total,"Annual average index, 2015=100",France,2008,101.52,,
ESTAT:PRC_HPI_A(1.0),07/04/26 11:00:00,Annual,Total,"Annual average index, 2015=100",France,2009,95.32,,
ESTAT:PRC_HPI_A(1.0),07/04/26 11:00:00,Annual,Total,"Annual average index, 2015=100",France,2010,99.74,,
ESTAT:PRC_HPI_A(1.0),07/04/26 11:00:00,Annual,Total,"Annual average index, 2015=100",France,2011,105.46,,
ESTAT:PRC_HPI_A(1.0),07/04/26 11:00:00,Annual,Total,"Annual average index, 2015=100",France,2012,104.88,,
ESTAT:PRC_HPI_A(1.0),07/04/26 11:00:00,Annual,Total,"Annual average index, 2015=100",France,2013,102.93,,
ESTAT:PRC_HPI_A(1.0),07/04/26 11:00:00,Annual,Total,"Annual average index, 2015=100",France,2014,101.36,,
ESTAT:PRC_HPI_A(1.0),07/04/26 11:00:00,Annual,Total,"Annual average index, 2015=100",France,2015,100.00,,
ESTAT:PRC_HPI_A(1.0),07/04/26 11:00:00,Annual,Total,"Annual average index, 2015=100",France,2016,101.04,,
ESTAT:PRC_HPI_A(1.0),07/04/26 11:00:00,Annual,Total,"Annual average index, 2015=100",France,2017,104.24,,
ESTAT:PRC_HPI_A(1.0),07/04/26 11:00:00,Annual,Total,"Annual average index, 2015=100",France,2018,107.29,,
ESTAT:PRC_HPI_A(1.0),07/04/26 11:00:00,Annual,Total,"Annual average index, 2015=100",France,2019,110.86,,
ESTAT:PRC_HPI_A(1.0),07/04/26 11:00:00,Annual,Total,"Annual average index, 2015=100",France,2020,116.62,,
ESTAT:PRC_HPI_A(1.0),07/04/26 11:00:00,Annual,Total,"Annual average index, 2015=100",France,2021,123.98,,
ESTAT:PRC_HPI_A(1.0),07/04/26 11:00:00,Annual,Total,"Annual average index, 2015=100",France,2022,131.82,,
ESTAT:PRC_HPI_A(1.0),07/04/26 11:00:00,Annual,Total,"Annual average index, 2015=100",France,2023,131.26,,
ESTAT:PRC_HPI_A(1.0),07/04/26 11:00:00,Annual,Total,"Annual average index, 2015=100",France,2024,126.39,,
ESTAT:PRC_HPI_A(1.0),07/04/26 11:00:00,Annual,Total,"Annual average index, 2015=100",France,2025,127.28,p,
ESTAT:PRC_HPI_A(1.0),07/04/26 11:00:00,Annual,Total,"Annual average index, 2015=100",Croatia,2005,,,N
ESTAT:PRC_HPI_A(1.0),07/04/26 11:00:00,Annual,Total,"Annual average index, 2015=100",Croatia,2006,,,N
ESTAT:PRC_HPI_A(1.0),07/04/26 11:00:00,Annual,Total,"Annual average index, 2015=100",Croatia,2007,,,N
ESTAT:PRC_HPI_A(1.0),07/04/26 11:00:00,Annual,Total,"Annual average index, 2015=100",Croatia,2008,124.14,,
ESTAT:PRC_HPI_A(1.0),07/04/26 11:00:00,Annual,Total,"Annual average index, 2015=100",Croatia,2009,117.93,,
ESTAT:PRC_HPI_A(1.0),07/04/26 11:00:00,Annual,Total,"Annual average index, 2015=100",Croatia,2010,110.47,,
ESTAT:PRC_HPI_A(1.0),07/04/26 11:00:00,Annual,Total,"Annual average index, 2015=100",Croatia,2011,110.66,,
ESTAT:PRC_HPI_A(1.0),07/04/26 11:00:00,Annual,Total,"Annual average index, 2015=100",Croatia,2012,108.93,,
ESTAT:PRC_HPI_A(1.0),07/04/26 11:00:00,Annual,Total,"Annual average index, 2015=100",Croatia,2013,104.63,,
ESTAT:PRC_HPI_A(1.0),07/04/26 11:00:00,Annual,Total,"Annual average index, 2015=100",Croatia,2014,102.98,,
ESTAT:PRC_HPI_A(1.0),07/04/26 11:00:00,Annual,Total,"Annual average index, 2015=100",Croatia,2015,100.00,,
ESTAT:PRC_HPI_A(1.0),07/04/26 11:00:00,Annual,Total,"Annual average index, 2015=100",Croatia,2016,100.89,,
ESTAT:PRC_HPI_A(1.0),07/04/26 11:00:00,Annual,Total,"Annual average index, 2015=100",Croatia,2017,104.75,,
ESTAT:PRC_HPI_A(1.0),07/04/26 11:00:00,Annual,Total,"Annual average index, 2015=100",Croatia,2018,111.14,,
ESTAT:PRC_HPI_A(1.0),07/04/26 11:00:00,Annual,Total,"Annual average index, 2015=100",Croatia,2019,121.10,,
ESTAT:PRC_HPI_A(1.0),07/04/26 11:00:00,Annual,Total,"Annual average index, 2015=100",Croatia,2020,130.38,,
ESTAT:PRC_HPI_A(1.0),07/04/26 11:00:00,Annual,Total,"Annual average index, 2015=100",Croatia,2021,139.91,,
ESTAT:PRC_HPI_A(1.0),07/04/26 11:00:00,Annual,Total,"Annual average index, 2015=100",Croatia,2022,160.69,,
ESTAT:PRC_HPI_A(1.0),07/04/26 11:00:00,Annual,Total,"Annual average index, 2015=100",Croatia,2023,179.88,,
ESTAT:PRC_HPI_A(1.0),07/04/26 11:00:00,Annual,Total,"Annual average index, 2015=100",Croatia,2024,198.54,,
ESTAT:PRC_HPI_A(1.0),07/04/26 11:00:00,Annual,Total,"Annual average index, 2015=100",Croatia,2025,226.46,p,
ESTAT:PRC_HPI_A(1.0),07/04/26 11:00:00,Annual,Total,"Annual average index, 2015=100",Hungary,2005,,,N
ESTAT:PRC_HPI_A(1.0),07/04/26 11:00:00,Annual,Total,"Annual average index, 2015=100",Hungary,2006,,,N
ESTAT:PRC_HPI_A(1.0),07/04/26 11:00:00,Annual,Total,"Annual average index, 2015=100",Hungary,2007,98.91,,
ESTAT:PRC_HPI_A(1.0),07/04/26 11:00:00,Annual,Total,"Annual average index, 2015=100",Hungary,2008,101.26,,
ESTAT:PRC_HPI_A(1.0),07/04/26 11:00:00,Annual,Total,"Annual average index, 2015=100",Hungary,2009,95.95,,
ESTAT:PRC_HPI_A(1.0),07/04/26 11:00:00,Annual,Total,"Annual average index, 2015=100",Hungary,2010,93.66,,
ESTAT:PRC_HPI_A(1.0),07/04/26 11:00:00,Annual,Total,"Annual average index, 2015=100",Hungary,2011,90.45,,
ESTAT:PRC_HPI_A(1.0),07/04/26 11:00:00,Annual,Total,"Annual average index, 2015=100",Hungary,2012,87.10,,
ESTAT:PRC_HPI_A(1.0),07/04/26 11:00:00,Annual,Total,"Annual average index, 2015=100",Hungary,2013,84.87,,
ESTAT:PRC_HPI_A(1.0),07/04/26 11:00:00,Annual,Total,"Annual average index, 2015=100",Hungary,2014,88.43,,
ESTAT:PRC_HPI_A(1.0),07/04/26 11:00:00,Annual,Total,"Annual average index, 2015=100",Hungary,2015,100.00,,
ESTAT:PRC_HPI_A(1.0),07/04/26 11:00:00,Annual,Total,"Annual average index, 2015=100",Hungary,2016,113.38,,
ESTAT:PRC_HPI_A(1.0),07/04/26 11:00:00,Annual,Total,"Annual average index, 2015=100",Hungary,2017,127.24,,
ESTAT:PRC_HPI_A(1.0),07/04/26 11:00:00,Annual,Total,"Annual average index, 2015=100",Hungary,2018,145.50,,
ESTAT:PRC_HPI_A(1.0),07/04/26 11:00:00,Annual,Total,"Annual average index, 2015=100",Hungary,2019,170.17,,
ESTAT:PRC_HPI_A(1.0),07/04/26 11:00:00,Annual,Total,"Annual average index, 2015=100",Hungary,2020,178.58,,
ESTAT:PRC_HPI_A(1.0),07/04/26 11:00:00,Annual,Total,"Annual average index, 2015=100",Hungary,2021,208.04,,
ESTAT:PRC_HPI_A(1.0),07/04/26 11:00:00,Annual,Total,"Annual average index, 2015=100",Hungary,2022,254.52,,
ESTAT:PRC_HPI_A(1.0),07/04/26 11:00:00,Annual,Total,"Annual average index, 2015=100",Hungary,2023,272.54,,
ESTAT:PRC_HPI_A(1.0),07/04/26 11:00:00,Annual,Total,"Annual average index, 2015=100",Hungary,2024,309.86,p,
ESTAT:PRC_HPI_A(1.0),07/04/26 11:00:00,Annual,Total,"Annual average index, 2015=100",Hungary,2025,366.61,p,
ESTAT:PRC_HPI_A(1.0),07/04/26 11:00:00,Annual,Total,"Annual average index, 2015=100",Ireland,2005,131.89,,
ESTAT:PRC_HPI_A(1.0),07/04/26 11:00:00,Annual,Total,"Annual average index, 2015=100",Ireland,2006,151.50,,
ESTAT:PRC_HPI_A(1.0),07/04/26 11:00:00,Annual,Total,"Annual average index, 2015=100",Ireland,2007,162.81,,
ESTAT:PRC_HPI_A(1.0),07/04/26 11:00:00,Annual,Total,"Annual average index, 2015=100",Ireland,2008,151.51,,
ESTAT:PRC_HPI_A(1.0),07/04/26 11:00:00,Annual,Total,"Annual average index, 2015=100",Ireland,2009,122.49,,
ESTAT:PRC_HPI_A(1.0),07/04/26 11:00:00,Annual,Total,"Annual average index, 2015=100",Ireland,2010,105.96,,
ESTAT:PRC_HPI_A(1.0),07/04/26 11:00:00,Annual,Total,"Annual average index, 2015=100",Ireland,2011,87.86,,
ESTAT:PRC_HPI_A(1.0),07/04/26 11:00:00,Annual,Total,"Annual average index, 2015=100",Ireland,2012,76.04,,
ESTAT:PRC_HPI_A(1.0),07/04/26 11:00:00,Annual,Total,"Annual average index, 2015=100",Ireland,2013,76.99,,
ESTAT:PRC_HPI_A(1.0),07/04/26 11:00:00,Annual,Total,"Annual average index, 2015=100",Ireland,2014,89.72,,
ESTAT:PRC_HPI_A(1.0),07/04/26 11:00:00,Annual,Total,"Annual average index, 2015=100",Ireland,2015,100.00,,
ESTAT:PRC_HPI_A(1.0),07/04/26 11:00:00,Annual,Total,"Annual average index, 2015=100",Ireland,2016,107.46,,
ESTAT:PRC_HPI_A(1.0),07/04/26 11:00:00,Annual,Total,"Annual average index, 2015=100",Ireland,2017,119.14,,
ESTAT:PRC_HPI_A(1.0),07/04/26 11:00:00,Annual,Total,"Annual average index, 2015=100",Ireland,2018,131.33,,
ESTAT:PRC_HPI_A(1.0),07/04/26 11:00:00,Annual,Total,"Annual average index, 2015=100",Ireland,2019,134.41,,
ESTAT:PRC_HPI_A(1.0),07/04/26 11:00:00,Annual,Total,"Annual average index, 2015=100",Ireland,2020,134.82,,
ESTAT:PRC_HPI_A(1.0),07/04/26 11:00:00,Annual,Total,"Annual average index, 2015=100",Ireland,2021,145.98,,
ESTAT:PRC_HPI_A(1.0),07/04/26 11:00:00,Annual,Total,"Annual average index, 2015=100",Ireland,2022,163.96,,
ESTAT:PRC_HPI_A(1.0),07/04/26 11:00:00,Annual,Total,"Annual average index, 2015=100",Ireland,2023,168.99,,
ESTAT:PRC_HPI_A(1.0),07/04/26 11:00:00,Annual,Total,"Annual average index, 2015=100",Ireland,2024,183.38,,
ESTAT:PRC_HPI_A(1.0),07/04/26 11:00:00,Annual,Total,"Annual average index, 2015=100",Ireland,2025,197.21,p,
ESTAT:PRC_HPI_A(1.0),07/04/26 11:00:00,Annual,Total,"Annual average index, 2015=100",Iceland,2005,60.60,,
ESTAT:PRC_HPI_A(1.0),07/04/26 11:00:00,Annual,Total,"Annual average index, 2015=100",Iceland,2006,70.79,,
ESTAT:PRC_HPI_A(1.0),07/04/26 11:00:00,Annual,Total,"Annual average index, 2015=100",Iceland,2007,77.44,,
ESTAT:PRC_HPI_A(1.0),07/04/26 11:00:00,Annual,Total,"Annual average index, 2015=100",Iceland,2008,82.26,,
ESTAT:PRC_HPI_A(1.0),07/04/26 11:00:00,Annual,Total,"Annual average index, 2015=100",Iceland,2009,74.28,,
ESTAT:PRC_HPI_A(1.0),07/04/26 11:00:00,Annual,Total,"Annual average index, 2015=100",Iceland,2010,72.02,,
ESTAT:PRC_HPI_A(1.0),07/04/26 11:00:00,Annual,Total,"Annual average index, 2015=100",Iceland,2011,75.36,,
ESTAT:PRC_HPI_A(1.0),07/04/26 11:00:00,Annual,Total,"Annual average index, 2015=100",Iceland,2012,80.57,,
ESTAT:PRC_HPI_A(1.0),07/04/26 11:00:00,Annual,Total,"Annual average index, 2015=100",Iceland,2013,85.21,,
ESTAT:PRC_HPI_A(1.0),07/04/26 11:00:00,Annual,Total,"Annual average index, 2015=100",Iceland,2014,92.39,,
ESTAT:PRC_HPI_A(1.0),07/04/26 11:00:00,Annual,Total,"Annual average index, 2015=100",Iceland,2015,100.00,,
ESTAT:PRC_HPI_A(1.0),07/04/26 11:00:00,Annual,Total,"Annual average index, 2015=100",Iceland,2016,109.77,,
ESTAT:PRC_HPI_A(1.0),07/04/26 11:00:00,Annual,Total,"Annual average index, 2015=100",Iceland,2017,131.20,,
ESTAT:PRC_HPI_A(1.0),07/04/26 11:00:00,Annual,Total,"Annual average index, 2015=100",Iceland,2018,142.01,,
ESTAT:PRC_HPI_A(1.0),07/04/26 11:00:00,Annual,Total,"Annual average index, 2015=100",Iceland,2019,148.29,,
ESTAT:PRC_HPI_A(1.0),07/04/26 11:00:00,Annual,Total,"Annual average index, 2015=100",Iceland,2020,157.79,,
ESTAT:PRC_HPI_A(1.0),07/04/26 11:00:00,Annual,Total,"Annual average index, 2015=100",Iceland,2021,177.57,,
ESTAT:PRC_HPI_A(1.0),07/04/26 11:00:00,Annual,Total,"Annual average index, 2015=100",Iceland,2022,214.84,,
ESTAT:PRC_HPI_A(1.0),07/04/26 11:00:00,Annual,Total,"Annual average index, 2015=100",Iceland,2023,231.57,,
ESTAT:PRC_HPI_A(1.0),07/04/26 11:00:00,Annual,Total,"Annual average index, 2015=100",Iceland,2024,250.22,,
ESTAT:PRC_HPI_A(1.0),07/04/26 11:00:00,Annual,Total,"Annual average index, 2015=100",Iceland,2025,263.10,,
ESTAT:PRC_HPI_A(1.0),07/04/26 11:00:00,Annual,Total,"Annual average index, 2015=100",Italy,2005,,,N
ESTAT:PRC_HPI_A(1.0),07/04/26 11:00:00,Annual,Total,"Annual average index, 2015=100",Italy,2006,,,N
ESTAT:PRC_HPI_A(1.0),07/04/26 11:00:00,Annual,Total,"Annual average index, 2015=100",Italy,2007,,,N
ESTAT:PRC_HPI_A(1.0),07/04/26 11:00:00,Annual,Total,"Annual average index, 2015=100",Italy,2008,,,N
ESTAT:PRC_HPI_A(1.0),07/04/26 11:00:00,Annual,Total,"Annual average index, 2015=100",Italy,2009,,,N
ESTAT:PRC_HPI_A(1.0),07/04/26 11:00:00,Annual,Total,"Annual average index, 2015=100",Italy,2010,118.10,,
ESTAT:PRC_HPI_A(1.0),07/04/26 11:00:00,Annual,Total,"Annual average index, 2015=100",Italy,2011,119.70,,
ESTAT:PRC_HPI_A(1.0),07/04/26 11:00:00,Annual,Total,"Annual average index, 2015=100",Italy,2012,116.70,,
ESTAT:PRC_HPI_A(1.0),07/04/26 11:00:00,Annual,Total,"Annual average index, 2015=100",Italy,2013,109.10,,
ESTAT:PRC_HPI_A(1.0),07/04/26 11:00:00,Annual,Total,"Annual average index, 2015=100",Italy,2014,104.00,,
ESTAT:PRC_HPI_A(1.0),07/04/26 11:00:00,Annual,Total,"Annual average index, 2015=100",Italy,2015,100.00,,
ESTAT:PRC_HPI_A(1.0),07/04/26 11:00:00,Annual,Total,"Annual average index, 2015=100",Italy,2016,100.30,,
ESTAT:PRC_HPI_A(1.0),07/04/26 11:00:00,Annual,Total,"Annual average index, 2015=100",Italy,2017,99.20,,
ESTAT:PRC_HPI_A(1.0),07/04/26 11:00:00,Annual,Total,"Annual average index, 2015=100",Italy,2018,98.60,,
ESTAT:PRC_HPI_A(1.0),07/04/26 11:00:00,Annual,Total,"Annual average index, 2015=100",Italy,2019,98.50,,
ESTAT:PRC_HPI_A(1.0),07/04/26 11:00:00,Annual,Total,"Annual average index, 2015=100",Italy,2020,100.40,,
ESTAT:PRC_HPI_A(1.0),07/04/26 11:00:00,Annual,Total,"Annual average index, 2015=100",Italy,2021,103.00,,
ESTAT:PRC_HPI_A(1.0),07/04/26 11:00:00,Annual,Total,"Annual average index, 2015=100",Italy,2022,106.90,,
ESTAT:PRC_HPI_A(1.0),07/04/26 11:00:00,Annual,Total,"Annual average index, 2015=100",Italy,2023,108.30,,
ESTAT:PRC_HPI_A(1.0),07/04/26 11:00:00,Annual,Total,"Annual average index, 2015=100",Italy,2024,111.70,,
ESTAT:PRC_HPI_A(1.0),07/04/26 11:00:00,Annual,Total,"Annual average index, 2015=100",Italy,2025,116.20,p,
ESTAT:PRC_HPI_A(1.0),07/04/26 11:00:00,Annual,Total,"Annual average index, 2015=100",Lithuania,2005,,,N
ESTAT:PRC_HPI_A(1.0),07/04/26 11:00:00,Annual,Total,"Annual average index, 2015=100",Lithuania,2006,94.25,,
ESTAT:PRC_HPI_A(1.0),07/04/26 11:00:00,Annual,Total,"Annual average index, 2015=100",Lithuania,2007,119.06,,
ESTAT:PRC_HPI_A(1.0),07/04/26 11:00:00,Annual,Total,"Annual average index, 2015=100",Lithuania,2008,129.76,,
ESTAT:PRC_HPI_A(1.0),07/04/26 11:00:00,Annual,Total,"Annual average index, 2015=100",Lithuania,2009,90.92,,
ESTAT:PRC_HPI_A(1.0),07/04/26 11:00:00,Annual,Total,"Annual average index, 2015=100",Lithuania,2010,84.20,,
ESTAT:PRC_HPI_A(1.0),07/04/26 11:00:00,Annual,Total,"Annual average index, 2015=100",Lithuania,2011,89.77,,
ESTAT:PRC_HPI_A(1.0),07/04/26 11:00:00,Annual,Total,"Annual average index, 2015=100",Lithuania,2012,89.56,,
ESTAT:PRC_HPI_A(1.0),07/04/26 11:00:00,Annual,Total,"Annual average index, 2015=100",Lithuania,2013,90.65,,
ESTAT:PRC_HPI_A(1.0),07/04/26 11:00:00,Annual,Total,"Annual average index, 2015=100",Lithuania,2014,96.47,,
ESTAT:PRC_HPI_A(1.0),07/04/26 11:00:00,Annual,Total,"Annual average index, 2015=100",Lithuania,2015,100.00,,
ESTAT:PRC_HPI_A(1.0),07/04/26 11:00:00,Annual,Total,"Annual average index, 2015=100",Lithuania,2016,105.40,,
ESTAT:PRC_HPI_A(1.0),07/04/26 11:00:00,Annual,Total,"Annual average index, 2015=100",Lithuania,2017,114.80,,
ESTAT:PRC_HPI_A(1.0),07/04/26 11:00:00,Annual,Total,"Annual average index, 2015=100",Lithuania,2018,123.18,,
ESTAT:PRC_HPI_A(1.0),07/04/26 11:00:00,Annual,Total,"Annual average index, 2015=100",Lithuania,2019,131.61,,
ESTAT:PRC_HPI_A(1.0),07/04/26 11:00:00,Annual,Total,"Annual average index, 2015=100",Lithuania,2020,141.18,,
ESTAT:PRC_HPI_A(1.0),07/04/26 11:00:00,Annual,Total,"Annual average index, 2015=100",Lithuania,2021,163.84,,
ESTAT:PRC_HPI_A(1.0),07/04/26 11:00:00,Annual,Total,"Annual average index, 2015=100",Lithuania,2022,195.05,,
ESTAT:PRC_HPI_A(1.0),07/04/26 11:00:00,Annual,Total,"Annual average index, 2015=100",Lithuania,2023,214.20,,
ESTAT:PRC_HPI_A(1.0),07/04/26 11:00:00,Annual,Total,"Annual average index, 2015=100",Lithuania,2024,235.02,,
ESTAT:PRC_HPI_A(1.0),07/04/26 11:00:00,Annual,Total,"Annual average index, 2015=100",Lithuania,2025,258.11,,
ESTAT:PRC_HPI_A(1.0),07/04/26 11:00:00,Annual,Total,"Annual average index, 2015=100",Luxembourg,2005,,,N
ESTAT:PRC_HPI_A(1.0),07/04/26 11:00:00,Annual,Total,"Annual average index, 2015=100",Luxembourg,2006,,,N
ESTAT:PRC_HPI_A(1.0),07/04/26 11:00:00,Annual,Total,"Annual average index, 2015=100",Luxembourg,2007,74.42,,
ESTAT:PRC_HPI_A(1.0),07/04/26 11:00:00,Annual,Total,"Annual average index, 2015=100",Luxembourg,2008,76.91,,
ESTAT:PRC_HPI_A(1.0),07/04/26 11:00:00,Annual,Total,"Annual average index, 2015=100",Luxembourg,2009,76.02,,
ESTAT:PRC_HPI_A(1.0),07/04/26 11:00:00,Annual,Total,"Annual average index, 2015=100",Luxembourg,2010,80.14,,
ESTAT:PRC_HPI_A(1.0),07/04/26 11:00:00,Annual,Total,"Annual average index, 2015=100",Luxembourg,2011,83.09,,
ESTAT:PRC_HPI_A(1.0),07/04/26 11:00:00,Annual,Total,"Annual average index, 2015=100",Luxembourg,2012,86.58,,
ESTAT:PRC_HPI_A(1.0),07/04/26 11:00:00,Annual,Total,"Annual average index, 2015=100",Luxembourg,2013,90.89,,
ESTAT:PRC_HPI_A(1.0),07/04/26 11:00:00,Annual,Total,"Annual average index, 2015=100",Luxembourg,2014,94.88,,
ESTAT:PRC_HPI_A(1.0),07/04/26 11:00:00,Annual,Total,"Annual average index, 2015=100",Luxembourg,2015,100.00,,
ESTAT:PRC_HPI_A(1.0),07/04/26 11:00:00,Annual,Total,"Annual average index, 2015=100",Luxembourg,2016,106.01,,
ESTAT:PRC_HPI_A(1.0),07/04/26 11:00:00,Annual,Total,"Annual average index, 2015=100",Luxembourg,2017,111.96,,
ESTAT:PRC_HPI_A(1.0),07/04/26 11:00:00,Annual,Total,"Annual average index, 2015=100",Luxembourg,2018,119.86,,
ESTAT:PRC_HPI_A(1.0),07/04/26 11:00:00,Annual,Total,"Annual average index, 2015=100",Luxembourg,2019,131.99,,
ESTAT:PRC_HPI_A(1.0),07/04/26 11:00:00,Annual,Total,"Annual average index, 2015=100",Luxembourg,2020,151.12,,
ESTAT:PRC_HPI_A(1.0),07/04/26 11:00:00,Annual,Total,"Annual average index, 2015=100",Luxembourg,2021,172.15,,
ESTAT:PRC_HPI_A(1.0),07/04/26 11:00:00,Annual,Total,"Annual average index, 2015=100",Luxembourg,2022,188.60,,
ESTAT:PRC_HPI_A(1.0),07/04/26 11:00:00,Annual,Total,"Annual average index, 2015=100",Luxembourg,2023,171.48,,
ESTAT:PRC_HPI_A(1.0),07/04/26 11:00:00,Annual,Total,"Annual average index, 2015=100",Luxembourg,2024,162.50,,
ESTAT:PRC_HPI_A(1.0),07/04/26 11:00:00,Annual,Total,"Annual average index, 2015=100",Luxembourg,2025,165.11,p,
ESTAT:PRC_HPI_A(1.0),07/04/26 11:00:00,Annual,Total,"Annual average index, 2015=100",Latvia,2005,,,N
ESTAT:PRC_HPI_A(1.0),07/04/26 11:00:00,Annual,Total,"Annual average index, 2015=100",Latvia,2006,104.48,,
ESTAT:PRC_HPI_A(1.0),07/04/26 11:00:00,Annual,Total,"Annual average index, 2015=100",Latvia,2007,142.37,,
ESTAT:PRC_HPI_A(1.0),07/04/26 11:00:00,Annual,Total,"Annual average index, 2015=100",Latvia,2008,143.94,,
ESTAT:PRC_HPI_A(1.0),07/04/26 11:00:00,Annual,Total,"Annual average index, 2015=100",Latvia,2009,90.24,,
ESTAT:PRC_HPI_A(1.0),07/04/26 11:00:00,Annual,Total,"Annual average index, 2015=100",Latvia,2010,80.35,,
ESTAT:PRC_HPI_A(1.0),07/04/26 11:00:00,Annual,Total,"Annual average index, 2015=100",Latvia,2011,88.73,,
ESTAT:PRC_HPI_A(1.0),07/04/26 11:00:00,Annual,Total,"Annual average index, 2015=100",Latvia,2012,91.36,,
ESTAT:PRC_HPI_A(1.0),07/04/26 11:00:00,Annual,Total,"Annual average index, 2015=100",Latvia,2013,97.62,,
ESTAT:PRC_HPI_A(1.0),07/04/26 11:00:00,Annual,Total,"Annual average index, 2015=100",Latvia,2014,103.48,,
ESTAT:PRC_HPI_A(1.0),07/04/26 11:00:00,Annual,Total,"Annual average index, 2015=100",Latvia,2015,100.00,,
ESTAT:PRC_HPI_A(1.0),07/04/26 11:00:00,Annual,Total,"Annual average index, 2015=100",Latvia,2016,108.49,,
ESTAT:PRC_HPI_A(1.0),07/04/26 11:00:00,Annual,Total,"Annual average index, 2015=100",Latvia,2017,118.01,,
ESTAT:PRC_HPI_A(1.0),07/04/26 11:00:00,Annual,Total,"Annual average index, 2015=100",Latvia,2018,129.30,,
ESTAT:PRC_HPI_A(1.0),07/04/26 11:00:00,Annual,Total,"Annual average index, 2015=100",Latvia,2019,140.88,,
ESTAT:PRC_HPI_A(1.0),07/04/26 11:00:00,Annual,Total,"Annual average index, 2015=100",Latvia,2020,145.77,,
ESTAT:PRC_HPI_A(1.0),07/04/26 11:00:00,Annual,Total,"Annual average index, 2015=100",Latvia,2021,161.65,,
ESTAT:PRC_HPI_A(1.0),07/04/26 11:00:00,Annual,Total,"Annual average index, 2015=100",Latvia,2022,184.01,,
ESTAT:PRC_HPI_A(1.0),07/04/26 11:00:00,Annual,Total,"Annual average index, 2015=100",Latvia,2023,190.89,,
ESTAT:PRC_HPI_A(1.0),07/04/26 11:00:00,Annual,Total,"Annual average index, 2015=100",Latvia,2024,198.90,,
ESTAT:PRC_HPI_A(1.0),07/04/26 11:00:00,Annual,Total,"Annual average index, 2015=100",Latvia,2025,214.28,p,
ESTAT:PRC_HPI_A(1.0),07/04/26 11:00:00,Annual,Total,"Annual average index, 2015=100",Malta,2005,58.43,,
ESTAT:PRC_HPI_A(1.0),07/04/26 11:00:00,Annual,Total,"Annual average index, 2015=100",Malta,2006,70.04,,
ESTAT:PRC_HPI_A(1.0),07/04/26 11:00:00,Annual,Total,"Annual average index, 2015=100",Malta,2007,84.75,,
ESTAT:PRC_HPI_A(1.0),07/04/26 11:00:00,Annual,Total,"Annual average index, 2015=100",Malta,2008,94.14,,
ESTAT:PRC_HPI_A(1.0),07/04/26 11:00:00,Annual,Total,"Annual average index, 2015=100",Malta,2009,90.07,,
ESTAT:PRC_HPI_A(1.0),07/04/26 11:00:00,Annual,Total,"Annual average index, 2015=100",Malta,2010,91.04,,
ESTAT:PRC_HPI_A(1.0),07/04/26 11:00:00,Annual,Total,"Annual average index, 2015=100",Malta,2011,89.80,,
ESTAT:PRC_HPI_A(1.0),07/04/26 11:00:00,Annual,Total,"Annual average index, 2015=100",Malta,2012,92.54,,
ESTAT:PRC_HPI_A(1.0),07/04/26 11:00:00,Annual,Total,"Annual average index, 2015=100",Malta,2013,92.16,,
ESTAT:PRC_HPI_A(1.0),07/04/26 11:00:00,Annual,Total,"Annual average index, 2015=100",Malta,2014,94.51,,
ESTAT:PRC_HPI_A(1.0),07/04/26 11:00:00,Annual,Total,"Annual average index, 2015=100",Malta,2015,100.00,,
ESTAT:PRC_HPI_A(1.0),07/04/26 11:00:00,Annual,Total,"Annual average index, 2015=100",Malta,2016,105.45,,
ESTAT:PRC_HPI_A(1.0),07/04/26 11:00:00,Annual,Total,"Annual average index, 2015=100",Malta,2017,111.03,,
ESTAT:PRC_HPI_A(1.0),07/04/26 11:00:00,Annual,Total,"Annual average index, 2015=100",Malta,2018,117.45,,
ESTAT:PRC_HPI_A(1.0),07/04/26 11:00:00,Annual,Total,"Annual average index, 2015=100",Malta,2019,124.65,,
ESTAT:PRC_HPI_A(1.0),07/04/26 11:00:00,Annual,Total,"Annual average index, 2015=100",Malta,2020,128.86,,
ESTAT:PRC_HPI_A(1.0),07/04/26 11:00:00,Annual,Total,"Annual average index, 2015=100",Malta,2021,135.44,,
ESTAT:PRC_HPI_A(1.0),07/04/26 11:00:00,Annual,Total,"Annual average index, 2015=100",Malta,2022,144.45,,
ESTAT:PRC_HPI_A(1.0),07/04/26 11:00:00,Annual,Total,"Annual average index, 2015=100",Malta,2023,153.42,,
ESTAT:PRC_HPI_A(1.0),07/04/26 11:00:00,Annual,Total,"Annual average index, 2015=100",Malta,2024,163.77,,
ESTAT:PRC_HPI_A(1.0),07/04/26 11:00:00,Annual,Total,"Annual average index, 2015=100",Malta,2025,173.46,p,
ESTAT:PRC_HPI_A(1.0),07/04/26 11:00:00,Annual,Total,"Annual average index, 2015=100",Netherlands,2005,106.30,,
ESTAT:PRC_HPI_A(1.0),07/04/26 11:00:00,Annual,Total,"Annual average index, 2015=100",Netherlands,2006,110.82,,
ESTAT:PRC_HPI_A(1.0),07/04/26 11:00:00,Annual,Total,"Annual average index, 2015=100",Netherlands,2007,116.18,,
ESTAT:PRC_HPI_A(1.0),07/04/26 11:00:00,Annual,Total,"Annual average index, 2015=100",Netherlands,2008,118.74,,
ESTAT:PRC_HPI_A(1.0),07/04/26 11:00:00,Annual,Total,"Annual average index, 2015=100",Netherlands,2009,113.46,,
ESTAT:PRC_HPI_A(1.0),07/04/26 11:00:00,Annual,Total,"Annual average index, 2015=100",Netherlands,2010,111.48,,
ESTAT:PRC_HPI_A(1.0),07/04/26 11:00:00,Annual,Total,"Annual average index, 2015=100",Netherlands,2011,109.27,,
ESTAT:PRC_HPI_A(1.0),07/04/26 11:00:00,Annual,Total,"Annual average index, 2015=100",Netherlands,2012,101.96,,
ESTAT:PRC_HPI_A(1.0),07/04/26 11:00:00,Annual,Total,"Annual average index, 2015=100",Netherlands,2013,95.81,,
ESTAT:PRC_HPI_A(1.0),07/04/26 11:00:00,Annual,Total,"Annual average index, 2015=100",Netherlands,2014,96.61,,
ESTAT:PRC_HPI_A(1.0),07/04/26 11:00:00,Annual,Total,"Annual average index, 2015=100",Netherlands,2015,100.00,,
ESTAT:PRC_HPI_A(1.0),07/04/26 11:00:00,Annual,Total,"Annual average index, 2015=100",Netherlands,2016,105.29,,
ESTAT:PRC_HPI_A(1.0),07/04/26 11:00:00,Annual,Total,"Annual average index, 2015=100",Netherlands,2017,113.81,,
ESTAT:PRC_HPI_A(1.0),07/04/26 11:00:00,Annual,Total,"Annual average index, 2015=100",Netherlands,2018,124.40,,
ESTAT:PRC_HPI_A(1.0),07/04/26 11:00:00,Annual,Total,"Annual average index, 2015=100",Netherlands,2019,133.38,,
ESTAT:PRC_HPI_A(1.0),07/04/26 11:00:00,Annual,Total,"Annual average index, 2015=100",Netherlands,2020,144.07,,
ESTAT:PRC_HPI_A(1.0),07/04/26 11:00:00,Annual,Total,"Annual average index, 2015=100",Netherlands,2021,164.94,,
ESTAT:PRC_HPI_A(1.0),07/04/26 11:00:00,Annual,Total,"Annual average index, 2015=100",Netherlands,2022,186.84,,
ESTAT:PRC_HPI_A(1.0),07/04/26 11:00:00,Annual,Total,"Annual average index, 2015=100",Netherlands,2023,183.26,,
ESTAT:PRC_HPI_A(1.0),07/04/26 11:00:00,Annual,Total,"Annual average index, 2015=100",Netherlands,2024,198.24,,
ESTAT:PRC_HPI_A(1.0),07/04/26 11:00:00,Annual,Total,"Annual average index, 2015=100",Netherlands,2025,215.06,p,
ESTAT:PRC_HPI_A(1.0),07/04/26 11:00:00,Annual,Total,"Annual average index, 2015=100",Norway,2005,54.24,d,
ESTAT:PRC_HPI_A(1.0),07/04/26 11:00:00,Annual,Total,"Annual average index, 2015=100",Norway,2006,61.66,d,
ESTAT:PRC_HPI_A(1.0),07/04/26 11:00:00,Annual,Total,"Annual average index, 2015=100",Norway,2007,69.43,d,
ESTAT:PRC_HPI_A(1.0),07/04/26 11:00:00,Annual,Total,"Annual average index, 2015=100",Norway,2008,68.69,d,
ESTAT:PRC_HPI_A(1.0),07/04/26 11:00:00,Annual,Total,"Annual average index, 2015=100",Norway,2009,69.99,d,
ESTAT:PRC_HPI_A(1.0),07/04/26 11:00:00,Annual,Total,"Annual average index, 2015=100",Norway,2010,75.77,,
ESTAT:PRC_HPI_A(1.0),07/04/26 11:00:00,Annual,Total,"Annual average index, 2015=100",Norway,2011,81.95,,
ESTAT:PRC_HPI_A(1.0),07/04/26 11:00:00,Annual,Total,"Annual average index, 2015=100",Norway,2012,87.48,,
ESTAT:PRC_HPI_A(1.0),07/04/26 11:00:00,Annual,Total,"Annual average index, 2015=100",Norway,2013,91.24,,
ESTAT:PRC_HPI_A(1.0),07/04/26 11:00:00,Annual,Total,"Annual average index, 2015=100",Norway,2014,93.74,,
ESTAT:PRC_HPI_A(1.0),07/04/26 11:00:00,Annual,Total,"Annual average index, 2015=100",Norway,2015,100.00,,
ESTAT:PRC_HPI_A(1.0),07/04/26 11:00:00,Annual,Total,"Annual average index, 2015=100",Norway,2016,107.88,,
ESTAT:PRC_HPI_A(1.0),07/04/26 11:00:00,Annual,Total,"Annual average index, 2015=100",Norway,2017,113.75,,
ESTAT:PRC_HPI_A(1.0),07/04/26 11:00:00,Annual,Total,"Annual average index, 2015=100",Norway,2018,115.53,,
ESTAT:PRC_HPI_A(1.0),07/04/26 11:00:00,Annual,Total,"Annual average index, 2015=100",Norway,2019,120.18,,
ESTAT:PRC_HPI_A(1.0),07/04/26 11:00:00,Annual,Total,"Annual average index, 2015=100",Norway,2020,126.11,,
ESTAT:PRC_HPI_A(1.0),07/04/26 11:00:00,Annual,Total,"Annual average index, 2015=100",Norway,2021,137.66,,
ESTAT:PRC_HPI_A(1.0),07/04/26 11:00:00,Annual,Total,"Annual average index, 2015=100",Norway,2022,145.71,,
ESTAT:PRC_HPI_A(1.0),07/04/26 11:00:00,Annual,Total,"Annual average index, 2015=100",Norway,2023,147.63,,
ESTAT:PRC_HPI_A(1.0),07/04/26 11:00:00,Annual,Total,"Annual average index, 2015=100",Norway,2024,152.91,,
ESTAT:PRC_HPI_A(1.0),07/04/26 11:00:00,Annual,Total,"Annual average index, 2015=100",Norway,2025,161.66,,
ESTAT:PRC_HPI_A(1.0),07/04/26 11:00:00,Annual,Total,"Annual average index, 2015=100",Poland,2005,,,N
ESTAT:PRC_HPI_A(1.0),07/04/26 11:00:00,Annual,Total,"Annual average index, 2015=100",Poland,2006,,,N
ESTAT:PRC_HPI_A(1.0),07/04/26 11:00:00,Annual,Total,"Annual average index, 2015=100",Poland,2007,,,N
ESTAT:PRC_HPI_A(1.0),07/04/26 11:00:00,Annual,Total,"Annual average index, 2015=100",Poland,2008,,,N
ESTAT:PRC_HPI_A(1.0),07/04/26 11:00:00,Annual,Total,"Annual average index, 2015=100",Poland,2009,,,N
ESTAT:PRC_HPI_A(1.0),07/04/26 11:00:00,Annual,Total,"Annual average index, 2015=100",Poland,2010,105.61,,
ESTAT:PRC_HPI_A(1.0),07/04/26 11:00:00,Annual,Total,"Annual average index, 2015=100",Poland,2011,105.70,,
ESTAT:PRC_HPI_A(1.0),07/04/26 11:00:00,Annual,Total,"Annual average index, 2015=100",Poland,2012,102.01,,
ESTAT:PRC_HPI_A(1.0),07/04/26 11:00:00,Annual,Total,"Annual average index, 2015=100",Poland,2013,97.54,,
ESTAT:PRC_HPI_A(1.0),07/04/26 11:00:00,Annual,Total,"Annual average index, 2015=100",Poland,2014,98.50,,
ESTAT:PRC_HPI_A(1.0),07/04/26 11:00:00,Annual,Total,"Annual average index, 2015=100",Poland,2015,100.00,,
ESTAT:PRC_HPI_A(1.0),07/04/26 11:00:00,Annual,Total,"Annual average index, 2015=100",Poland,2016,101.86,,
ESTAT:PRC_HPI_A(1.0),07/04/26 11:00:00,Annual,Total,"Annual average index, 2015=100",Poland,2017,105.78,,
ESTAT:PRC_HPI_A(1.0),07/04/26 11:00:00,Annual,Total,"Annual average index, 2015=100",Poland,2018,112.74,,
ESTAT:PRC_HPI_A(1.0),07/04/26 11:00:00,Annual,Total,"Annual average index, 2015=100",Poland,2019,122.52,,
ESTAT:PRC_HPI_A(1.0),07/04/26 11:00:00,Annual,Total,"Annual average index, 2015=100",Poland,2020,135.36,,
ESTAT:PRC_HPI_A(1.0),07/04/26 11:00:00,Annual,Total,"Annual average index, 2015=100",Poland,2021,147.77,,
ESTAT:PRC_HPI_A(1.0),07/04/26 11:00:00,Annual,Total,"Annual average index, 2015=100",Poland,2022,165.21,,
ESTAT:PRC_HPI_A(1.0),07/04/26 11:00:00,Annual,Total,"Annual average index, 2015=100",Poland,2023,179.78,,
ESTAT:PRC_HPI_A(1.0),07/04/26 11:00:00,Annual,Total,"Annual average index, 2015=100",Poland,2024,206.70,,
ESTAT:PRC_HPI_A(1.0),07/04/26 11:00:00,Annual,Total,"Annual average index, 2015=100",Poland,2025,216.81,,
ESTAT:PRC_HPI_A(1.0),07/04/26 11:00:00,Annual,Total,"Annual average index, 2015=100",Portugal,2005,,,N
ESTAT:PRC_HPI_A(1.0),07/04/26 11:00:00,Annual,Total,"Annual average index, 2015=100",Portugal,2006,,,N
ESTAT:PRC_HPI_A(1.0),07/04/26 11:00:00,Annual,Total,"Annual average index, 2015=100",Portugal,2007,,,N
ESTAT:PRC_HPI_A(1.0),07/04/26 11:00:00,Annual,Total,"Annual average index, 2015=100",Portugal,2008,107.53,,
ESTAT:PRC_HPI_A(1.0),07/04/26 11:00:00,Annual,Total,"Annual average index, 2015=100",Portugal,2009,106.54,,
ESTAT:PRC_HPI_A(1.0),07/04/26 11:00:00,Annual,Total,"Annual average index, 2015=100",Portugal,2010,107.36,,
ESTAT:PRC_HPI_A(1.0),07/04/26 11:00:00,Annual,Total,"Annual average index, 2015=100",Portugal,2011,102.09,,
ESTAT:PRC_HPI_A(1.0),07/04/26 11:00:00,Annual,Total,"Annual average index, 2015=100",Portugal,2012,94.87,,
ESTAT:PRC_HPI_A(1.0),07/04/26 11:00:00,Annual,Total,"Annual average index, 2015=100",Portugal,2013,93.09,,
ESTAT:PRC_HPI_A(1.0),07/04/26 11:00:00,Annual,Total,"Annual average index, 2015=100",Portugal,2014,97.04,,
ESTAT:PRC_HPI_A(1.0),07/04/26 11:00:00,Annual,Total,"Annual average index, 2015=100",Portugal,2015,100.00,,
ESTAT:PRC_HPI_A(1.0),07/04/26 11:00:00,Annual,Total,"Annual average index, 2015=100",Portugal,2016,107.12,,
ESTAT:PRC_HPI_A(1.0),07/04/26 11:00:00,Annual,Total,"Annual average index, 2015=100",Portugal,2017,117.02,,
ESTAT:PRC_HPI_A(1.0),07/04/26 11:00:00,Annual,Total,"Annual average index, 2015=100",Portugal,2018,129.03,,
ESTAT:PRC_HPI_A(1.0),07/04/26 11:00:00,Annual,Total,"Annual average index, 2015=100",Portugal,2019,141.88,,
ESTAT:PRC_HPI_A(1.0),07/04/26 11:00:00,Annual,Total,"Annual average index, 2015=100",Portugal,2020,154.33,,
ESTAT:PRC_HPI_A(1.0),07/04/26 11:00:00,Annual,Total,"Annual average index, 2015=100",Portugal,2021,168.84,,
ESTAT:PRC_HPI_A(1.0),07/04/26 11:00:00,Annual,Total,"Annual average index, 2015=100",Portugal,2022,190.17,,
ESTAT:PRC_HPI_A(1.0),07/04/26 11:00:00,Annual,Total,"Annual average index, 2015=100",Portugal,2023,205.76,,
ESTAT:PRC_HPI_A(1.0),07/04/26 11:00:00,Annual,Total,"Annual average index, 2015=100",Portugal,2024,224.44,,
ESTAT:PRC_HPI_A(1.0),07/04/26 11:00:00,Annual,Total,"Annual average index, 2015=100",Portugal,2025,263.85,,
ESTAT:PRC_HPI_A(1.0),07/04/26 11:00:00,Annual,Total,"Annual average index, 2015=100",Romania,2005,,,N
ESTAT:PRC_HPI_A(1.0),07/04/26 11:00:00,Annual,Total,"Annual average index, 2015=100",Romania,2006,,,N
ESTAT:PRC_HPI_A(1.0),07/04/26 11:00:00,Annual,Total,"Annual average index, 2015=100",Romania,2007,,,N
ESTAT:PRC_HPI_A(1.0),07/04/26 11:00:00,Annual,Total,"Annual average index, 2015=100",Romania,2008,,,N
ESTAT:PRC_HPI_A(1.0),07/04/26 11:00:00,Annual,Total,"Annual average index, 2015=100",Romania,2009,129.28,,
ESTAT:PRC_HPI_A(1.0),07/04/26 11:00:00,Annual,Total,"Annual average index, 2015=100",Romania,2010,119.54,,
ESTAT:PRC_HPI_A(1.0),07/04/26 11:00:00,Annual,Total,"Annual average index, 2015=100",Romania,2011,104.83,,
ESTAT:PRC_HPI_A(1.0),07/04/26 11:00:00,Annual,Total,"Annual average index, 2015=100",Romania,2012,99.51,,
ESTAT:PRC_HPI_A(1.0),07/04/26 11:00:00,Annual,Total,"Annual average index, 2015=100",Romania,2013,99.26,,
ESTAT:PRC_HPI_A(1.0),07/04/26 11:00:00,Annual,Total,"Annual average index, 2015=100",Romania,2014,97.22,,
ESTAT:PRC_HPI_A(1.0),07/04/26 11:00:00,Annual,Total,"Annual average index, 2015=100",Romania,2015,100.00,,
ESTAT:PRC_HPI_A(1.0),07/04/26 11:00:00,Annual,Total,"Annual average index, 2015=100",Romania,2016,105.95,,
ESTAT:PRC_HPI_A(1.0),07/04/26 11:00:00,Annual,Total,"Annual average index, 2015=100",Romania,2017,112.36,,
ESTAT:PRC_HPI_A(1.0),07/04/26 11:00:00,Annual,Total,"Annual average index, 2015=100",Romania,2018,118.62,,
ESTAT:PRC_HPI_A(1.0),07/04/26 11:00:00,Annual,Total,"Annual average index, 2015=100",Romania,2019,122.69,,
ESTAT:PRC_HPI_A(1.0),07/04/26 11:00:00,Annual,Total,"Annual average index, 2015=100",Romania,2020,128.44,,
ESTAT:PRC_HPI_A(1.0),07/04/26 11:00:00,Annual,Total,"Annual average index, 2015=100",Romania,2021,134.09,,
ESTAT:PRC_HPI_A(1.0),07/04/26 11:00:00,Annual,Total,"Annual average index, 2015=100",Romania,2022,143.70,,
ESTAT:PRC_HPI_A(1.0),07/04/26 11:00:00,Annual,Total,"Annual average index, 2015=100",Romania,2023,148.43,,
ESTAT:PRC_HPI_A(1.0),07/04/26 11:00:00,Annual,Total,"Annual average index, 2015=100",Romania,2024,155.89,,
ESTAT:PRC_HPI_A(1.0),07/04/26 11:00:00,Annual,Total,"Annual average index, 2015=100",Romania,2025,164.82,,
ESTAT:PRC_HPI_A(1.0),07/04/26 11:00:00,Annual,Total,"Annual average index, 2015=100",Sweden,2005,52.04,,
ESTAT:PRC_HPI_A(1.0),07/04/26 11:00:00,Annual,Total,"Annual average index, 2015=100",Sweden,2006,58.46,,
ESTAT:PRC_HPI_A(1.0),07/04/26 11:00:00,Annual,Total,"Annual average index, 2015=100",Sweden,2007,65.74,,
ESTAT:PRC_HPI_A(1.0),07/04/26 11:00:00,Annual,Total,"Annual average index, 2015=100",Sweden,2008,66.47,,
ESTAT:PRC_HPI_A(1.0),07/04/26 11:00:00,Annual,Total,"Annual average index, 2015=100",Sweden,2009,68.57,,
ESTAT:PRC_HPI_A(1.0),07/04/26 11:00:00,Annual,Total,"Annual average index, 2015=100",Sweden,2010,73.97,,
ESTAT:PRC_HPI_A(1.0),07/04/26 11:00:00,Annual,Total,"Annual average index, 2015=100",Sweden,2011,75.87,,
ESTAT:PRC_HPI_A(1.0),07/04/26 11:00:00,Annual,Total,"Annual average index, 2015=100",Sweden,2012,76.83,,
ESTAT:PRC_HPI_A(1.0),07/04/26 11:00:00,Annual,Total,"Annual average index, 2015=100",Sweden,2013,80.79,,
ESTAT:PRC_HPI_A(1.0),07/04/26 11:00:00,Annual,Total,"Annual average index, 2015=100",Sweden,2014,88.40,,
ESTAT:PRC_HPI_A(1.0),07/04/26 11:00:00,Annual,Total,"Annual average index, 2015=100",Sweden,2015,100.00,,
ESTAT:PRC_HPI_A(1.0),07/04/26 11:00:00,Annual,Total,"Annual average index, 2015=100",Sweden,2016,108.24,,
ESTAT:PRC_HPI_A(1.0),07/04/26 11:00:00,Annual,Total,"Annual average index, 2015=100",Sweden,2017,115.43,,
ESTAT:PRC_HPI_A(1.0),07/04/26 11:00:00,Annual,Total,"Annual average index, 2015=100",Sweden,2018,114.35,,
ESTAT:PRC_HPI_A(1.0),07/04/26 11:00:00,Annual,Total,"Annual average index, 2015=100",Sweden,2019,117.19,,
ESTAT:PRC_HPI_A(1.0),07/04/26 11:00:00,Annual,Total,"Annual average index, 2015=100",Sweden,2020,122.11,,
ESTAT:PRC_HPI_A(1.0),07/04/26 11:00:00,Annual,Total,"Annual average index, 2015=100",Sweden,2021,134.46,,
ESTAT:PRC_HPI_A(1.0),07/04/26 11:00:00,Annual,Total,"Annual average index, 2015=100",Sweden,2022,139.25,,
ESTAT:PRC_HPI_A(1.0),07/04/26 11:00:00,Annual,Total,"Annual average index, 2015=100",Sweden,2023,132.05,,
ESTAT:PRC_HPI_A(1.0),07/04/26 11:00:00,Annual,Total,"Annual average index, 2015=100",Sweden,2024,132.03,,
ESTAT:PRC_HPI_A(1.0),07/04/26 11:00:00,Annual,Total,"Annual average index, 2015=100",Sweden,2025,133.41,,
ESTAT:PRC_HPI_A(1.0),07/04/26 11:00:00,Annual,Total,"Annual average index, 2015=100",Slovenia,2005,,,N
ESTAT:PRC_HPI_A(1.0),07/04/26 11:00:00,Annual,Total,"Annual average index, 2015=100",Slovenia,2006,,,N
ESTAT:PRC_HPI_A(1.0),07/04/26 11:00:00,Annual,Total,"Annual average index, 2015=100",Slovenia,2007,120.85,,
ESTAT:PRC_HPI_A(1.0),07/04/26 11:00:00,Annual,Total,"Annual average index, 2015=100",Slovenia,2008,129.31,,
ESTAT:PRC_HPI_A(1.0),07/04/26 11:00:00,Annual,Total,"Annual average index, 2015=100",Slovenia,2009,117.06,,
ESTAT:PRC_HPI_A(1.0),07/04/26 11:00:00,Annual,Total,"Annual average index, 2015=100",Slovenia,2010,117.21,,
ESTAT:PRC_HPI_A(1.0),07/04/26 11:00:00,Annual,Total,"Annual average index, 2015=100",Slovenia,2011,120.39,,
ESTAT:PRC_HPI_A(1.0),07/04/26 11:00:00,Annual,Total,"Annual average index, 2015=100",Slovenia,2012,112.09,,
ESTAT:PRC_HPI_A(1.0),07/04/26 11:00:00,Annual,Total,"Annual average index, 2015=100",Slovenia,2013,106.21,,
ESTAT:PRC_HPI_A(1.0),07/04/26 11:00:00,Annual,Total,"Annual average index, 2015=100",Slovenia,2014,99.20,,
ESTAT:PRC_HPI_A(1.0),07/04/26 11:00:00,Annual,Total,"Annual average index, 2015=100",Slovenia,2015,100.00,,
ESTAT:PRC_HPI_A(1.0),07/04/26 11:00:00,Annual,Total,"Annual average index, 2015=100",Slovenia,2016,103.25,,
ESTAT:PRC_HPI_A(1.0),07/04/26 11:00:00,Annual,Total,"Annual average index, 2015=100",Slovenia,2017,111.79,,
ESTAT:PRC_HPI_A(1.0),07/04/26 11:00:00,Annual,Total,"Annual average index, 2015=100",Slovenia,2018,121.55,,
ESTAT:PRC_HPI_A(1.0),07/04/26 11:00:00,Annual,Total,"Annual average index, 2015=100",Slovenia,2019,129.69,,
ESTAT:PRC_HPI_A(1.0),07/04/26 11:00:00,Annual,Total,"Annual average index, 2015=100",Slovenia,2020,135.66,,
ESTAT:PRC_HPI_A(1.0),07/04/26 11:00:00,Annual,Total,"Annual average index, 2015=100",Slovenia,2021,151.32,,
ESTAT:PRC_HPI_A(1.0),07/04/26 11:00:00,Annual,Total,"Annual average index, 2015=100",Slovenia,2022,173.65,,
ESTAT:PRC_HPI_A(1.0),07/04/26 11:00:00,Annual,Total,"Annual average index, 2015=100",Slovenia,2023,186.22,,
ESTAT:PRC_HPI_A(1.0),07/04/26 11:00:00,Annual,Total,"Annual average index, 2015=100",Slovenia,2024,200.26,,
ESTAT:PRC_HPI_A(1.0),07/04/26 11:00:00,Annual,Total,"Annual average index, 2015=100",Slovenia,2025,208.89,p,
ESTAT:PRC_HPI_A(1.0),07/04/26 11:00:00,Annual,Total,"Annual average index, 2015=100",Slovakia,2005,,,N
ESTAT:PRC_HPI_A(1.0),07/04/26 11:00:00,Annual,Total,"Annual average index, 2015=100",Slovakia,2006,75.99,,
ESTAT:PRC_HPI_A(1.0),07/04/26 11:00:00,Annual,Total,"Annual average index, 2015=100",Slovakia,2007,98.00,,
ESTAT:PRC_HPI_A(1.0),07/04/26 11:00:00,Annual,Total,"Annual average index, 2015=100",Slovakia,2008,115.55,,
ESTAT:PRC_HPI_A(1.0),07/04/26 11:00:00,Annual,Total,"Annual average index, 2015=100",Slovakia,2009,100.82,,
ESTAT:PRC_HPI_A(1.0),07/04/26 11:00:00,Annual,Total,"Annual average index, 2015=100",Slovakia,2010,97.06,,
ESTAT:PRC_HPI_A(1.0),07/04/26 11:00:00,Annual,Total,"Annual average index, 2015=100",Slovakia,2011,95.60,,
ESTAT:PRC_HPI_A(1.0),07/04/26 11:00:00,Annual,Total,"Annual average index, 2015=100",Slovakia,2012,92.94,,
ESTAT:PRC_HPI_A(1.0),07/04/26 11:00:00,Annual,Total,"Annual average index, 2015=100",Slovakia,2013,93.69,,
ESTAT:PRC_HPI_A(1.0),07/04/26 11:00:00,Annual,Total,"Annual average index, 2015=100",Slovakia,2014,94.96,,
ESTAT:PRC_HPI_A(1.0),07/04/26 11:00:00,Annual,Total,"Annual average index, 2015=100",Slovakia,2015,100.00,,
ESTAT:PRC_HPI_A(1.0),07/04/26 11:00:00,Annual,Total,"Annual average index, 2015=100",Slovakia,2016,106.67,,
ESTAT:PRC_HPI_A(1.0),07/04/26 11:00:00,Annual,Total,"Annual average index, 2015=100",Slovakia,2017,112.91,,
ESTAT:PRC_HPI_A(1.0),07/04/26 11:00:00,Annual,Total,"Annual average index, 2015=100",Slovakia,2018,121.32,,
ESTAT:PRC_HPI_A(1.0),07/04/26 11:00:00,Annual,Total,"Annual average index, 2015=100",Slovakia,2019,132.40,,
ESTAT:PRC_HPI_A(1.0),07/04/26 11:00:00,Annual,Total,"Annual average index, 2015=100",Slovakia,2020,145.02,,
ESTAT:PRC_HPI_A(1.0),07/04/26 11:00:00,Annual,Total,"Annual average index, 2015=100",Slovakia,2021,154.27,,
ESTAT:PRC_HPI_A(1.0),07/04/26 11:00:00,Annual,Total,"Annual average index, 2015=100",Slovakia,2022,175.41,,
ESTAT:PRC_HPI_A(1.0),07/04/26 11:00:00,Annual,Total,"Annual average index, 2015=100",Slovakia,2023,175.08,,
ESTAT:PRC_HPI_A(1.0),07/04/26 11:00:00,Annual,Total,"Annual average index, 2015=100",Slovakia,2024,181.67,,
ESTAT:PRC_HPI_A(1.0),07/04/26 11:00:00,Annual,Total,"Annual average index, 2015=100",Slovakia,2025,204.22,,
ESTAT:PRC_HPI_A(1.0),07/04/26 11:00:00,Annual,Total,"Annual average index, 2015=100",Türkiye,2010,57.12,d,
ESTAT:PRC_HPI_A(1.0),07/04/26 11:00:00,Annual,Total,"Annual average index, 2015=100",Türkiye,2011,62.15,d,
ESTAT:PRC_HPI_A(1.0),07/04/26 11:00:00,Annual,Total,"Annual average index, 2015=100",Türkiye,2012,68.93,d,
ESTAT:PRC_HPI_A(1.0),07/04/26 11:00:00,Annual,Total,"Annual average index, 2015=100",Türkiye,2013,76.80,d,
ESTAT:PRC_HPI_A(1.0),07/04/26 11:00:00,Annual,Total,"Annual average index, 2015=100",Türkiye,2014,86.39,d,
ESTAT:PRC_HPI_A(1.0),07/04/26 11:00:00,Annual,Total,"Annual average index, 2015=100",Türkiye,2015,100.00,d,
ESTAT:PRC_HPI_A(1.0),07/04/26 11:00:00,Annual,Total,"Annual average index, 2015=100",Türkiye,2016,112.78,d,
ESTAT:PRC_HPI_A(1.0),07/04/26 11:00:00,Annual,Total,"Annual average index, 2015=100",Türkiye,2017,124.98,d,
ESTAT:PRC_HPI_A(1.0),07/04/26 11:00:00,Annual,Total,"Annual average index, 2015=100",Türkiye,2018,134.77,d,
ESTAT:PRC_HPI_A(1.0),07/04/26 11:00:00,Annual,Total,"Annual average index, 2015=100",Türkiye,2019,141.25,d,
ESTAT:PRC_HPI_A(1.0),07/04/26 11:00:00,Annual,Total,"Annual average index, 2015=100",Türkiye,2020,174.84,d,
ESTAT:PRC_HPI_A(1.0),07/04/26 11:00:00,Annual,Total,"Annual average index, 2015=100",Türkiye,2021,240.48,d,
ESTAT:PRC_HPI_A(1.0),07/04/26 11:00:00,Annual,Total,"Annual average index, 2015=100",Türkiye,2022,611.40,d,
ESTAT:PRC_HPI_A(1.0),07/04/26 11:00:00,Annual,Total,"Annual average index, 2015=100",Türkiye,2023,1216.29,d,
ESTAT:PRC_HPI_A(1.0),07/04/26 11:00:00,Annual,Total,"Annual average index, 2015=100",Türkiye,2024,1721.53,d,
ESTAT:PRC_HPI_A(1.0),07/04/26 11:00:00,Annual,Total,"Annual average index, 2015=100",United Kingdom,2005,78.96,,
ESTAT:PRC_HPI_A(1.0),07/04/26 11:00:00,Annual,Total,"Annual average index, 2015=100",United Kingdom,2006,85.10,,
ESTAT:PRC_HPI_A(1.0),07/04/26 11:00:00,Annual,Total,"Annual average index, 2015=100",United Kingdom,2007,93.54,,
ESTAT:PRC_HPI_A(1.0),07/04/26 11:00:00,Annual,Total,"Annual average index, 2015=100",United Kingdom,2008,89.41,,
ESTAT:PRC_HPI_A(1.0),07/04/26 11:00:00,Annual,Total,"Annual average index, 2015=100",United Kingdom,2009,81.44,,
ESTAT:PRC_HPI_A(1.0),07/04/26 11:00:00,Annual,Total,"Annual average index, 2015=100",United Kingdom,2010,86.15,,
ESTAT:PRC_HPI_A(1.0),07/04/26 11:00:00,Annual,Total,"Annual average index, 2015=100",United Kingdom,2011,84.88,,
ESTAT:PRC_HPI_A(1.0),07/04/26 11:00:00,Annual,Total,"Annual average index, 2015=100",United Kingdom,2012,85.20,,
ESTAT:PRC_HPI_A(1.0),07/04/26 11:00:00,Annual,Total,"Annual average index, 2015=100",United Kingdom,2013,87.39,,
ESTAT:PRC_HPI_A(1.0),07/04/26 11:00:00,Annual,Total,"Annual average index, 2015=100",United Kingdom,2014,94.40,,
ESTAT:PRC_HPI_A(1.0),07/04/26 11:00:00,Annual,Total,"Annual average index, 2015=100",United Kingdom,2015,100.00,,
ESTAT:PRC_HPI_A(1.0),07/04/26 11:00:00,Annual,Total,"Annual average index, 2015=100",United Kingdom,2016,106.99,,
ESTAT:PRC_HPI_A(1.0),07/04/26 11:00:00,Annual,Total,"Annual average index, 2015=100",United Kingdom,2017,111.86,,
ESTAT:PRC_HPI_A(1.0),07/04/26 11:00:00,Annual,Total,"Annual average index, 2015=100",United Kingdom,2018,115.53,,
ESTAT:PRC_HPI_A(1.0),07/04/26 11:00:00,Annual,Total,"Annual average index, 2015=100",United Kingdom,2019,116.67,,
ESTAT:TIPSHO10(1.0),07/04/26 11:00:00,Annual,Annual average rate of change,Estonia,2006,41.7,,
ESTAT:TIPSHO10(1.0),07/04/26 11:00:00,Annual,Annual average rate of change,Estonia,2007,11.9,,
ESTAT:TIPSHO10(1.0),07/04/26 11:00:00,Annual,Annual average rate of change,Estonia,2008,-16.3,,
ESTAT:TIPSHO10(1.0),07/04/26 11:00:00,Annual,Annual average rate of change,Estonia,2009,-36.5,,
ESTAT:TIPSHO10(1.0),07/04/26 11:00:00,Annual,Annual average rate of change,Estonia,2010,1.8,,
ESTAT:TIPSHO10(1.0),07/04/26 11:00:00,Annual,Annual average rate of change,Estonia,2011,3.0,,
ESTAT:TIPSHO10(1.0),07/04/26 11:00:00,Annual,Annual average rate of change,Estonia,2012,2.9,,
ESTAT:TIPSHO10(1.0),07/04/26 11:00:00,Annual,Annual average rate of change,Estonia,2013,7.2,,
ESTAT:TIPSHO10(1.0),07/04/26 11:00:00,Annual,Annual average rate of change,Estonia,2014,13.0,,
ESTAT:TIPSHO10(1.0),07/04/26 11:00:00,Annual,Annual average rate of change,Estonia,2015,6.7,,
ESTAT:TIPSHO10(1.0),07/04/26 11:00:00,Annual,Annual average rate of change,Estonia,2016,3.1,,
ESTAT:TIPSHO10(1.0),07/04/26 11:00:00,Annual,Annual average rate of change,Estonia,2017,0.8,,
ESTAT:TIPSHO10(1.0),07/04/26 11:00:00,Annual,Annual average rate of change,Estonia,2018,2.2,,
ESTAT:TIPSHO10(1.0),07/04/26 11:00:00,Annual,Annual average rate of change,Estonia,2019,4.1,,
ESTAT:TIPSHO10(1.0),07/04/26 11:00:00,Annual,Annual average rate of change,Estonia,2020,7.5,,
ESTAT:TIPSHO10(1.0),07/04/26 11:00:00,Annual,Annual average rate of change,Estonia,2021,10.2,,
ESTAT:TIPSHO10(1.0),07/04/26 11:00:00,Annual,Annual average rate of change,Estonia,2022,4.0,,
ESTAT:TIPSHO10(1.0),07/04/26 11:00:00,Annual,Annual average rate of change,Estonia,2023,-2.7,,
ESTAT:TIPSHO10(1.0),07/04/26 11:00:00,Annual,Annual average rate of change,Estonia,2024,2.6,,
ESTAT:TIPSHO10(1.0),07/04/26 11:00:00,Annual,Annual average rate of change,Estonia,2025,2.0,,
ESTAT:TIPSHO10(1.0),07/04/26 11:00:00,Annual,Annual average rate of change,Lithuania,2001,10.0,e,
ESTAT:TIPSHO10(1.0),07/04/26 11:00:00,Annual,Annual average rate of change,Lithuania,2002,6.1,e,
ESTAT:TIPSHO10(1.0),07/04/26 11:00:00,Annual,Annual average rate of change,Lithuania,2003,11.5,e,
ESTAT:TIPSHO10(1.0),07/04/26 11:00:00,Annual,Annual average rate of change,Lithuania,2004,8.3,e,
ESTAT:TIPSHO10(1.0),07/04/26 11:00:00,Annual,Annual average rate of change,Lithuania,2005,5.7,e,
ESTAT:TIPSHO10(1.0),07/04/26 11:00:00,Annual,Annual average rate of change,Lithuania,2006,42.5,e,
ESTAT:TIPSHO10(1.0),07/04/26 11:00:00,Annual,Annual average rate of change,Lithuania,2007,19.4,,
ESTAT:TIPSHO10(1.0),07/04/26 11:00:00,Annual,Annual average rate of change,Lithuania,2008,-1.7,,
ESTAT:TIPSHO10(1.0),07/04/26 11:00:00,Annual,Annual average rate of change,Lithuania,2009,-32.9,,
ESTAT:TIPSHO10(1.0),07/04/26 11:00:00,Annual,Annual average rate of change,Lithuania,2010,-8.8,,
ESTAT:TIPSHO10(1.0),07/04/26 11:00:00,Annual,Annual average rate of change,Lithuania,2011,2.2,,
ESTAT:TIPSHO10(1.0),07/04/26 11:00:00,Annual,Annual average rate of change,Lithuania,2012,-3.5,,
ESTAT:TIPSHO10(1.0),07/04/26 11:00:00,Annual,Annual average rate of change,Lithuania,2013,0.3,,
ESTAT:TIPSHO10(1.0),07/04/26 11:00:00,Annual,Annual average rate of change,Lithuania,2014,6.4,,
ESTAT:TIPSHO10(1.0),07/04/26 11:00:00,Annual,Annual average rate of change,Lithuania,2015,4.7,,
ESTAT:TIPSHO10(1.0),07/04/26 11:00:00,Annual,Annual average rate of change,Lithuania,2016,4.2,,
ESTAT:TIPSHO10(1.0),07/04/26 11:00:00,Annual,Annual average rate of change,Lithuania,2017,4.9,,
ESTAT:TIPSHO10(1.0),07/04/26 11:00:00,Annual,Annual average rate of change,Lithuania,2018,4.6,,
ESTAT:TIPSHO10(1.0),07/04/26 11:00:00,Annual,Annual average rate of change,Lithuania,2019,4.6,,
ESTAT:TIPSHO10(1.0),07/04/26 11:00:00,Annual,Annual average rate of change,Lithuania,2020,6.0,,
ESTAT:TIPSHO10(1.0),07/04/26 11:00:00,Annual,Annual average rate of change,Lithuania,2021,10.9,,
ESTAT:TIPSHO10(1.0),07/04/26 11:00:00,Annual,Annual average rate of change,Lithuania,2022,0.6,,
ESTAT:TIPSHO10(1.0),07/04/26 11:00:00,Annual,Annual average rate of change,Lithuania,2023,1.1,,
ESTAT:TIPSHO10(1.0),07/04/26 11:00:00,Annual,Annual average rate of change,Lithuania,2024,8.3,,
ESTAT:TIPSHO10(1.0),07/04/26 11:00:00,Annual,Annual average rate of change,Lithuania,2025,6.1,,
