DATAFLOW,LAST UPDATE,freq,sex,age,unit,geo,TIME_PERIOD,OBS_VALUE,OBS_FLAG,CONF_STATUS
ESTAT:TIPSUN20(1.0),16/04/26 23:00:00,Annual,Total,From 15 to 74 years,Percentage of population in the labour force,Austria,2009,5.7,,
ESTAT:TIPSUN20(1.0),16/04/26 23:00:00,Annual,Total,From 15 to 74 years,Percentage of population in the labour force,Austria,2010,5.2,,
ESTAT:TIPSUN20(1.0),16/04/26 23:00:00,Annual,Total,From 15 to 74 years,Percentage of population in the labour force,Austria,2011,4.9,,
ESTAT:TIPSUN20(1.0),16/04/26 23:00:00,Annual,Total,From 15 to 74 years,Percentage of population in the labour force,Austria,2012,5.2,,
ESTAT:TIPSUN20(1.0),16/04/26 23:00:00,Annual,Total,From 15 to 74 years,Percentage of population in the labour force,Austria,2013,5.7,,
ESTAT:TIPSUN20(1.0),16/04/26 23:00:00,Annual,Total,From 15 to 74 years,Percentage of population in the labour force,Austria,2014,6.0,,
ESTAT:TIPSUN20(1.0),16/04/26 23:00:00,Annual,Total,From 15 to 74 years,Percentage of population in the labour force,Austria,2015,6.1,,
ESTAT:TIPSUN20(1.0),16/04/26 23:00:00,Annual,Total,From 15 to 74 years,Percentage of population in the labour force,Austria,2016,6.5,,
ESTAT:TIPSUN20(1.0),16/04/26 23:00:00,Annual,Total,From 15 to 74 years,Percentage of population in the labour force,Austria,2017,5.9,,
ESTAT:TIPSUN20(1.0),16/04/26 23:00:00,Annual,Total,From 15 to 74 years,Percentage of population in the labour force,Austria,2018,5.2,,
ESTAT:TIPSUN20(1.0),16/04/26 23:00:00,Annual,Total,From 15 to 74 years,Percentage of population in the labour force,Austria,2019,4.8,,
ESTAT:TIPSUN20(1.0),16/04/26 23:00:00,Annual,Total,From 15 to 74 years,Percentage of population in the labour force,Austria,2020,6.0,,
ESTAT:TIPSUN20(1.0),16/04/26 23:00:00,Annual,Total,From 15 to 74 years,Percentage of population in the labour force,Austria,2021,6.2,,
ESTAT:TIPSUN20(1.0),16/04/26 23:00:00,Annual,Total,From 15 to 74 years,Percentage of population in the labour force,Austria,2022,4.8,,
ESTAT:TIPSUN20(1.0),16/04/26 23:00:00,Annual,Total,From 15 to 74 years,Percentage of population in the labour force,Austria,2023,5.1,,
ESTAT:TIPSUN20(1.0),16/04/26 23:00:00,Annual,Total,From 15 to 74 years,Percentage of population in the labour force,Austria,2024,5.2,,
ESTAT:TIPSUN20(1.0),16/04/26 23:00:00,Annual,Total,From 15 to 74 years,Percentage of population in the labour force,Austria,2025,5.7,,
ESTAT:TIPSUN20(1.0),16/04/26 23:00:00,Annual,Total,From 15 to 74 years,Percentage of population in the labour force,Belgium,2009,8.0,,
ESTAT:TIPSUN20(1.0),16/04/26 23:00:00,Annual,Total,From 15 to 74 years,Percentage of population in the labour force,Belgium,2010,8.4,,
ESTAT:TIPSUN20(1.0),16/04/26 23:00:00,Annual,Total,From 15 to 74 years,Percentage of population in the labour force,Belgium,2011,7.2,,
ESTAT:TIPSUN20(1.0),16/04/26 23:00:00,Annual,Total,From 15 to 74 years,Percentage of population in the labour force,Belgium,2012,7.6,,
ESTAT:TIPSUN20(1.0),16/04/26 23:00:00,Annual,Total,From 15 to 74 years,Percentage of population in the labour force,Belgium,2013,8.6,,
ESTAT:TIPSUN20(1.0),16/04/26 23:00:00,Annual,Total,From 15 to 74 years,Percentage of population in the labour force,Belgium,2014,8.7,,
ESTAT:TIPSUN20(1.0),16/04/26 23:00:00,Annual,Total,From 15 to 74 years,Percentage of population in the labour force,Belgium,2015,8.7,,
ESTAT:TIPSUN20(1.0),16/04/26 23:00:00,Annual,Total,From 15 to 74 years,Percentage of population in the labour force,Belgium,2016,7.9,,
ESTAT:TIPSUN20(1.0),16/04/26 23:00:00,Annual,Total,From 15 to 74 years,Percentage of population in the labour force,Belgium,2017,7.2,b,
ESTAT:TIPSUN20(1.0),16/04/26 23:00:00,Annual,Total,From 15 to 74 years,Percentage of population in the labour force,Belgium,2018,6.0,,
ESTAT:TIPSUN20(1.0),16/04/26 23:00:00,Annual,Total,From 15 to 74 years,Percentage of population in the labour force,Belgium,2019,5.5,,
ESTAT:TIPSUN20(1.0),16/04/26 23:00:00,Annual,Total,From 15 to 74 years,Percentage of population in the labour force,Belgium,2020,5.8,,
ESTAT:TIPSUN20(1.0),16/04/26 23:00:00,Annual,Total,From 15 to 74 years,Percentage of population in the labour force,Belgium,2021,6.3,,
ESTAT:TIPSUN20(1.0),16/04/26 23:00:00,Annual,Total,From 15 to 74 years,Percentage of population in the labour force,Belgium,2022,5.6,,
ESTAT:TIPSUN20(1.0),16/04/26 23:00:00,Annual,Total,From 15 to 74 years,Percentage of population in the labour force,Belgium,2023,5.5,,
ESTAT:TIPSUN20(1.0),16/04/26 23:00:00,Annual,Total,From 15 to 74 years,Percentage of population in the labour force,Belgium,2024,5.7,,
ESTAT:TIPSUN20(1.0),16/04/26 23:00:00,Annual,Total,From 15 to 74 years,Percentage of population in the labour force,Belgium,2025,6.2,,
ESTAT:TIPSUN20(1.0),16/04/26 23:00:00,Annual,Total,From 15 to 74 years,Percentage of population in the labour force,Bulgaria,2009,7.9,,
ESTAT:TIPSUN20(1.0),16/04/26 23:00:00,Annual,Total,From 15 to 74 years,Percentage of population in the labour force,Bulgaria,2010,11.3,b,
ESTAT:TIPSUN20(1.0),16/04/26 23:00:00,Annual,Total,From 15 to 74 years,Percentage of population in the labour force,Bulgaria,2011,12.3,b,
ESTAT:TIPSUN20(1.0),16/04/26 23:00:00,Annual,Total,From 15 to 74 years,Percentage of population in the labour force,Bulgaria,2012,13.3,,
ESTAT:TIPSUN20(1.0),16/04/26 23:00:00,Annual,Total,From 15 to 74 years,Percentage of population in the labour force,Bulgaria,2013,13.9,,
ESTAT:TIPSUN20(1.0),16/04/26 23:00:00,Annual,Total,From 15 to 74 years,Percentage of population in the labour force,Bulgaria,2014,12.4,,
ESTAT:TIPSUN20(1.0),16/04/26 23:00:00,Annual,Total,From 15 to 74 years,Percentage of population in the labour force,Bulgaria,2015,10.1,,
ESTAT:TIPSUN20(1.0),16/04/26 23:00:00,Annual,Total,From 15 to 74 years,Percentage of population in the labour force,Bulgaria,2016,8.6,,
ESTAT:TIPSUN20(1.0),16/04/26 23:00:00,Annual,Total,From 15 to 74 years,Percentage of population in the labour force,Bulgaria,2017,7.2,,
ESTAT:TIPSUN20(1.0),16/04/26 23:00:00,Annual,Total,From 15 to 74 years,Percentage of population in the labour force,Bulgaria,2018,6.2,,
ESTAT:TIPSUN20(1.0),16/04/26 23:00:00,Annual,Total,From 15 to 74 years,Percentage of population in the labour force,Bulgaria,2019,5.2,b,
ESTAT:TIPSUN20(1.0),16/04/26 23:00:00,Annual,Total,From 15 to 74 years,Percentage of population in the labour force,Bulgaria,2020,6.1,,
ESTAT:TIPSUN20(1.0),16/04/26 23:00:00,Annual,Total,From 15 to 74 years,Percentage of population in the labour force,Bulgaria,2021,5.2,,
ESTAT:TIPSUN20(1.0),16/04/26 23:00:00,Annual,Total,From 15 to 74 years,Percentage of population in the labour force,Bulgaria,2022,4.2,,
ESTAT:TIPSUN20(1.0),16/04/26 23:00:00,Annual,Total,From 15 to 74 years,Percentage of population in the labour force,Bulgaria,2023,4.3,,
ESTAT:TIPSUN20(1.0),16/04/26 23:00:00,Annual,Total,From 15 to 74 years,Percentage of population in the labour force,Bulgaria,2024,4.2,b,
ESTAT:TIPSUN20(1.0),16/04/26 23:00:00,Annual,Total,From 15 to 74 years,Percentage of population in the labour force,Bulgaria,2025,3.5,,
ESTAT:TIPSUN20(1.0),16/04/26 23:00:00,Annual,Total,From 15 to 74 years,Percentage of population in the labour force,Cyprus,2009,5.4,,
ESTAT:TIPSUN20(1.0),16/04/26 23:00:00,Annual,Total,From 15 to 74 years,Percentage of population in the labour force,Cyprus,2010,6.3,,
ESTAT:TIPSUN20(1.0),16/04/26 23:00:00,Annual,Total,From 15 to 74 years,Percentage of population in the labour force,Cyprus,2011,7.9,,
ESTAT:TIPSUN20(1.0),16/04/26 23:00:00,Annual,Total,From 15 to 74 years,Percentage of population in the labour force,Cyprus,2012,11.9,,
ESTAT:TIPSUN20(1.0),16/04/26 23:00:00,Annual,Total,From 15 to 74 years,Percentage of population in the labour force,Cyprus,2013,15.9,,
ESTAT:TIPSUN20(1.0),16/04/26 23:00:00,Annual,Total,From 15 to 74 years,Percentage of population in the labour force,Cyprus,2014,16.1,,
ESTAT:TIPSUN20(1.0),16/04/26 23:00:00,Annual,Total,From 15 to 74 years,Percentage of population in the labour force,Cyprus,2015,15.0,,
ESTAT:TIPSUN20(1.0),16/04/26 23:00:00,Annual,Total,From 15 to 74 years,Percentage of population in the labour force,Cyprus,2016,13.0,,
ESTAT:TIPSUN20(1.0),16/04/26 23:00:00,Annual,Total,From 15 to 74 years,Percentage of population in the labour force,Cyprus,2017,11.1,,
ESTAT:TIPSUN20(1.0),16/04/26 23:00:00,Annual,Total,From 15 to 74 years,Percentage of population in the labour force,Cyprus,2018,8.4,,
ESTAT:TIPSUN20(1.0),16/04/26 23:00:00,Annual,Total,From 15 to 74 years,Percentage of population in the labour force,Cyprus,2019,7.2,,
ESTAT:TIPSUN20(1.0),16/04/26 23:00:00,Annual,Total,From 15 to 74 years,Percentage of population in the labour force,Cyprus,2020,7.6,,
ESTAT:TIPSUN20(1.0),16/04/26 23:00:00,Annual,Total,From 15 to 74 years,Percentage of population in the labour force,Cyprus,2021,7.2,,
ESTAT:TIPSUN20(1.0),16/04/26 23:00:00,Annual,Total,From 15 to 74 years,Percentage of population in the labour force,Cyprus,2022,6.3,,
ESTAT:TIPSUN20(1.0),16/04/26 23:00:00,Annual,Total,From 15 to 74 years,Percentage of population in the labour force,Cyprus,2023,5.8,,
ESTAT:TIPSUN20(1.0),16/04/26 23:00:00,Annual,Total,From 15 to 74 years,Percentage of population in the labour force,Cyprus,2024,4.9,,
ESTAT:TIPSUN20(1.0),16/04/26 23:00:00,Annual,Total,From 15 to 74 years,Percentage of population in the labour force,Cyprus,2025,4.4,,
ESTAT:TIPSUN20(1.0),16/04/26 23:00:00,Annual,Total,From 15 to 74 years,Percentage of population in the labour force,Czechia,2009,6.7,,
ESTAT:TIPSUN20(1.0),16/04/26 23:00:00,Annual,Total,From 15 to 74 years,Percentage of population in the labour force,Czechia,2010,7.3,,
ESTAT:TIPSUN20(1.0),16/04/26 23:00:00,Annual,Total,From 15 to 74 years,Percentage of population in the labour force,Czechia,2011,6.7,b,
ESTAT:TIPSUN20(1.0),16/04/26 23:00:00,Annual,Total,From 15 to 74 years,Percentage of population in the labour force,Czechia,2012,7.0,,
ESTAT:TIPSUN20(1.0),16/04/26 23:00:00,Annual,Total,From 15 to 74 years,Percentage of population in the labour force,Czechia,2013,7.0,,
ESTAT:TIPSUN20(1.0),16/04/26 23:00:00,Annual,Total,From 15 to 74 years,Percentage of population in the labour force,Czechia,2014,6.1,,
ESTAT:TIPSUN20(1.0),16/04/26 23:00:00,Annual,Total,From 15 to 74 years,Percentage of population in the labour force,Czechia,2015,5.1,,
ESTAT:TIPSUN20(1.0),16/04/26 23:00:00,Annual,Total,From 15 to 74 years,Percentage of population in the labour force,Czechia,2016,4.0,,
ESTAT:TIPSUN20(1.0),16/04/26 23:00:00,Annual,Total,From 15 to 74 years,Percentage of population in the labour force,Czechia,2017,2.9,,
ESTAT:TIPSUN20(1.0),16/04/26 23:00:00,Annual,Total,From 15 to 74 years,Percentage of population in the labour force,Czechia,2018,2.2,,
ESTAT:TIPSUN20(1.0),16/04/26 23:00:00,Annual,Total,From 15 to 74 years,Percentage of population in the labour force,Czechia,2019,2.0,,
ESTAT:TIPSUN20(1.0),16/04/26 23:00:00,Annual,Total,From 15 to 74 years,Percentage of population in the labour force,Czechia,2020,2.6,,
ESTAT:TIPSUN20(1.0),16/04/26 23:00:00,Annual,Total,From 15 to 74 years,Percentage of population in the labour force,Czechia,2021,2.8,,
ESTAT:TIPSUN20(1.0),16/04/26 23:00:00,Annual,Total,From 15 to 74 years,Percentage of population in the labour force,Czechia,2022,2.2,,
ESTAT:TIPSUN20(1.0),16/04/26 23:00:00,Annual,Total,From 15 to 74 years,Percentage of population in the labour force,Czechia,2023,2.6,,
ESTAT:TIPSUN20(1.0),16/04/26 23:00:00,Annual,Total,From 15 to 74 years,Percentage of population in the labour force,Czechia,2024,2.6,,
ESTAT:TIPSUN20(1.0),16/04/26 23:00:00,Annual,Total,From 15 to 74 years,Percentage of population in the labour force,Czechia,2025,2.8,,
ESTAT:TIPSUN20(1.0),16/04/26 23:00:00,Annual,Total,From 15 to 74 years,Percentage of population in the labour force,Germany,2009,7.3,,
ESTAT:TIPSUN20(1.0),16/04/26 23:00:00,Annual,Total,From 15 to 74 years,Percentage of population in the labour force,Germany,2010,6.6,b,
ESTAT:TIPSUN20(1.0),16/04/26 23:00:00,Annual,Total,From 15 to 74 years,Percentage of population in the labour force,Germany,2011,5.5,b,
ESTAT:TIPSUN20(1.0),16/04/26 23:00:00,Annual,Total,From 15 to 74 years,Percentage of population in the labour force,Germany,2012,5.1,,
ESTAT:TIPSUN20(1.0),16/04/26 23:00:00,Annual,Total,From 15 to 74 years,Percentage of population in the labour force,Germany,2013,4.9,,
ESTAT:TIPSUN20(1.0),16/04/26 23:00:00,Annual,Total,From 15 to 74 years,Percentage of population in the labour force,Germany,2014,4.7,,
ESTAT:TIPSUN20(1.0),16/04/26 23:00:00,Annual,Total,From 15 to 74 years,Percentage of population in the labour force,Germany,2015,4.4,,
ESTAT:TIPSUN20(1.0),16/04/26 23:00:00,Annual,Total,From 15 to 74 years,Percentage of population in the labour force,Germany,2016,3.9,,
ESTAT:TIPSUN20(1.0),16/04/26 23:00:00,Annual,Total,From 15 to 74 years,Percentage of population in the labour force,Germany,2017,3.5,,
ESTAT:TIPSUN20(1.0),16/04/26 23:00:00,Annual,Total,From 15 to 74 years,Percentage of population in the labour force,Germany,2018,3.2,,
ESTAT:TIPSUN20(1.0),16/04/26 23:00:00,Annual,Total,From 15 to 74 years,Percentage of population in the labour force,Germany,2019,2.9,,
ESTAT:TIPSUN20(1.0),16/04/26 23:00:00,Annual,Total,From 15 to 74 years,Percentage of population in the labour force,Germany,2020,3.6,b,
ESTAT:TIPSUN20(1.0),16/04/26 23:00:00,Annual,Total,From 15 to 74 years,Percentage of population in the labour force,Germany,2021,3.6,,
ESTAT:TIPSUN20(1.0),16/04/26 23:00:00,Annual,Total,From 15 to 74 years,Percentage of population in the labour force,Germany,2022,3.1,,
ESTAT:TIPSUN20(1.0),16/04/26 23:00:00,Annual,Total,From 15 to 74 years,Percentage of population in the labour force,Germany,2023,3.1,,
ESTAT:TIPSUN20(1.0),16/04/26 23:00:00,Annual,Total,From 15 to 74 years,Percentage of population in the labour force,Germany,2024,3.4,,
ESTAT:TIPSUN20(1.0),16/04/26 23:00:00,Annual,Total,From 15 to 74 years,Percentage of population in the labour force,Germany,2025,3.8,,
ESTAT:TIPSUN20(1.0),16/04/26 23:00:00,Annual,Total,From 15 to 74 years,Percentage of population in the labour force,Denmark,2009,6.4,,
ESTAT:TIPSUN20(1.0),16/04/26 23:00:00,Annual,Total,From 15 to 74 years,Percentage of population in the labour force,Denmark,2010,7.7,,
ESTAT:TIPSUN20(1.0),16/04/26 23:00:00,Annual,Total,From 15 to 74 years,Percentage of population in the labour force,Denmark,2011,7.8,,
ESTAT:TIPSUN20(1.0),16/04/26 23:00:00,Annual,Total,From 15 to 74 years,Percentage of population in the labour force,Denmark,2012,7.8,,
ESTAT:TIPSUN20(1.0),16/04/26 23:00:00,Annual,Total,From 15 to 74 years,Percentage of population in the labour force,Denmark,2013,7.4,,
ESTAT:TIPSUN20(1.0),16/04/26 23:00:00,Annual,Total,From 15 to 74 years,Percentage of population in the labour force,Denmark,2014,6.9,,
ESTAT:TIPSUN20(1.0),16/04/26 23:00:00,Annual,Total,From 15 to 74 years,Percentage of population in the labour force,Denmark,2015,6.3,,
ESTAT:TIPSUN20(1.0),16/04/26 23:00:00,Annual,Total,From 15 to 74 years,Percentage of population in the labour force,Denmark,2016,6.0,b,
ESTAT:TIPSUN20(1.0),16/04/26 23:00:00,Annual,Total,From 15 to 74 years,Percentage of population in the labour force,Denmark,2017,5.8,b,
ESTAT:TIPSUN20(1.0),16/04/26 23:00:00,Annual,Total,From 15 to 74 years,Percentage of population in the labour force,Denmark,2018,5.1,,
ESTAT:TIPSUN20(1.0),16/04/26 23:00:00,Annual,Total,From 15 to 74 years,Percentage of population in the labour force,Denmark,2019,5.0,,
ESTAT:TIPSUN20(1.0),16/04/26 23:00:00,Annual,Total,From 15 to 74 years,Percentage of population in the labour force,Denmark,2020,5.6,,
ESTAT:TIPSUN20(1.0),16/04/26 23:00:00,Annual,Total,From 15 to 74 years,Percentage of population in the labour force,Denmark,2021,5.1,,
ESTAT:TIPSUN20(1.0),16/04/26 23:00:00,Annual,Total,From 15 to 74 years,Percentage of population in the labour force,Denmark,2022,4.5,,
ESTAT:TIPSUN20(1.0),16/04/26 23:00:00,Annual,Total,From 15 to 74 years,Percentage of population in the labour force,Denmark,2023,5.1,b,
ESTAT:TIPSUN20(1.0),16/04/26 23:00:00,Annual,Total,From 15 to 74 years,Percentage of population in the labour force,Denmark,2024,6.2,,
ESTAT:TIPSUN20(1.0),16/04/26 23:00:00,Annual,Total,From 15 to 74 years,Percentage of population in the labour force,Denmark,2025,6.4,,
ESTAT:TIPSUN20(1.0),16/04/26 23:00:00,Annual,Total,From 15 to 74 years,Percentage of population in the labour force,Estonia,2009,13.5,,
ESTAT:TIPSUN20(1.0),16/04/26 23:00:00,Annual,Total,From 15 to 74 years,Percentage of population in the labour force,Estonia,2010,16.6,,
ESTAT:TIPSUN20(1.0),16/04/26 23:00:00,Annual,Total,From 15 to 74 years,Percentage of population in the labour force,Estonia,2011,12.3,,
ESTAT:TIPSUN20(1.0),16/04/26 23:00:00,Annual,Total,From 15 to 74 years,Percentage of population in the labour force,Estonia,2012,9.9,,
ESTAT:TIPSUN20(1.0),16/04/26 23:00:00,Annual,Total,From 15 to 74 years,Percentage of population in the labour force,Estonia,2013,8.6,,
ESTAT:TIPSUN20(1.0),16/04/26 23:00:00,Annual,Total,From 15 to 74 years,Percentage of population in the labour force,Estonia,2014,7.3,,
ESTAT:TIPSUN20(1.0),16/04/26 23:00:00,Annual,Total,From 15 to 74 years,Percentage of population in the labour force,Estonia,2015,6.4,,
ESTAT:TIPSUN20(1.0),16/04/26 23:00:00,Annual,Total,From 15 to 74 years,Percentage of population in the labour force,Estonia,2016,6.8,,
ESTAT:TIPSUN20(1.0),16/04/26 23:00:00,Annual,Total,From 15 to 74 years,Percentage of population in the labour force,Estonia,2017,5.8,,
ESTAT:TIPSUN20(1.0),16/04/26 23:00:00,Annual,Total,From 15 to 74 years,Percentage of population in the labour force,Estonia,2018,5.4,,
ESTAT:TIPSUN20(1.0),16/04/26 23:00:00,Annual,Total,From 15 to 74 years,Percentage of population in the labour force,Estonia,2019,4.5,,
ESTAT:TIPSUN20(1.0),16/04/26 23:00:00,Annual,Total,From 15 to 74 years,Percentage of population in the labour force,Estonia,2020,6.9,,
ESTAT:TIPSUN20(1.0),16/04/26 23:00:00,Annual,Total,From 15 to 74 years,Percentage of population in the labour force,Estonia,2021,6.2,,
ESTAT:TIPSUN20(1.0),16/04/26 23:00:00,Annual,Total,From 15 to 74 years,Percentage of population in the labour force,Estonia,2022,5.6,,
ESTAT:TIPSUN20(1.0),16/04/26 23:00:00,Annual,Total,From 15 to 74 years,Percentage of population in the labour force,Estonia,2023,6.4,,
ESTAT:TIPSUN20(1.0),16/04/26 23:00:00,Annual,Total,From 15 to 74 years,Percentage of population in the labour force,Estonia,2024,7.6,,
ESTAT:TIPSUN20(1.0),16/04/26 23:00:00,Annual,Total,From 15 to 74 years,Percentage of population in the labour force,Estonia,2025,7.5,,
ESTAT:TIPSUN20(1.0),16/04/26 23:00:00,Annual,Total,From 15 to 74 years,Percentage of population in the labour force,Greece,2009,9.8,,
ESTAT:TIPSUN20(1.0),16/04/26 23:00:00,Annual,Total,From 15 to 74 years,Percentage of population in the labour force,Greece,2010,12.9,,
ESTAT:TIPSUN20(1.0),16/04/26 23:00:00,Annual,Total,From 15 to 74 years,Percentage of population in the labour force,Greece,2011,18.1,,
ESTAT:TIPSUN20(1.0),16/04/26 23:00:00,Annual,Total,From 15 to 74 years,Percentage of population in the labour force,Greece,2012,24.8,,
ESTAT:TIPSUN20(1.0),16/04/26 23:00:00,Annual,Total,From 15 to 74 years,Percentage of population in the labour force,Greece,2013,27.8,,
ESTAT:TIPSUN20(1.0),16/04/26 23:00:00,Annual,Total,From 15 to 74 years,Percentage of population in the labour force,Greece,2014,26.6,,
ESTAT:TIPSUN20(1.0),16/04/26 23:00:00,Annual,Total,From 15 to 74 years,Percentage of population in the labour force,Greece,2015,25.0,,
ESTAT:TIPSUN20(1.0),16/04/26 23:00:00,Annual,Total,From 15 to 74 years,Percentage of population in the labour force,Greece,2016,23.9,,
ESTAT:TIPSUN20(1.0),16/04/26 23:00:00,Annual,Total,From 15 to 74 years,Percentage of population in the labour force,Greece,2017,21.8,,
ESTAT:TIPSUN20(1.0),16/04/26 23:00:00,Annual,Total,From 15 to 74 years,Percentage of population in the labour force,Greece,2018,19.7,,
ESTAT:TIPSUN20(1.0),16/04/26 23:00:00,Annual,Total,From 15 to 74 years,Percentage of population in the labour force,Greece,2019,17.9,,
ESTAT:TIPSUN20(1.0),16/04/26 23:00:00,Annual,Total,From 15 to 74 years,Percentage of population in the labour force,Greece,2020,17.6,,
ESTAT:TIPSUN20(1.0),16/04/26 23:00:00,Annual,Total,From 15 to 74 years,Percentage of population in the labour force,Greece,2021,14.7,,
ESTAT:TIPSUN20(1.0),16/04/26 23:00:00,Annual,Total,From 15 to 74 years,Percentage of population in the labour force,Greece,2022,12.5,,
ESTAT:TIPSUN20(1.0),16/04/26 23:00:00,Annual,Total,From 15 to 74 years,Percentage of population in the labour force,Greece,2023,11.1,,
ESTAT:TIPSUN20(1.0),16/04/26 23:00:00,Annual,Total,From 15 to 74 years,Percentage of population in the labour force,Greece,2024,10.1,,
ESTAT:TIPSUN20(1.0),16/04/26 23:00:00,Annual,Total,From 15 to 74 years,Percentage of population in the labour force,Greece,2025,8.9,,
ESTAT:TIPSUN20(1.0),16/04/26 23:00:00,Annual,Total,From 15 to 74 years,Percentage of population in the labour force,Spain,2009,17.9,,
ESTAT:TIPSUN20(1.0),16/04/26 23:00:00,Annual,Total,From 15 to 74 years,Percentage of population in the labour force,Spain,2010,19.9,,
ESTAT:TIPSUN20(1.0),16/04/26 23:00:00,Annual,Total,From 15 to 74 years,Percentage of population in the labour force,Spain,2011,21.4,,
ESTAT:TIPSUN20(1.0),16/04/26 23:00:00,Annual,Total,From 15 to 74 years,Percentage of population in the labour force,Spain,2012,24.8,,
ESTAT:TIPSUN20(1.0),16/04/26 23:00:00,Annual,Total,From 15 to 74 years,Percentage of population in the labour force,Spain,2013,26.1,,
ESTAT:TIPSUN20(1.0),16/04/26 23:00:00,Annual,Total,From 15 to 74 years,Percentage of population in the labour force,Spain,2014,24.5,,
ESTAT:TIPSUN20(1.0),16/04/26 23:00:00,Annual,Total,From 15 to 74 years,Percentage of population in the labour force,Spain,2015,22.1,,
ESTAT:TIPSUN20(1.0),16/04/26 23:00:00,Annual,Total,From 15 to 74 years,Percentage of population in the labour force,Spain,2016,19.6,,
ESTAT:TIPSUN20(1.0),16/04/26 23:00:00,Annual,Total,From 15 to 74 years,Percentage of population in the labour force,Spain,2017,17.2,,
ESTAT:TIPSUN20(1.0),16/04/26 23:00:00,Annual,Total,From 15 to 74 years,Percentage of population in the labour force,Spain,2018,15.3,,
ESTAT:TIPSUN20(1.0),16/04/26 23:00:00,Annual,Total,From 15 to 74 years,Percentage of population in the labour force,Spain,2019,14.1,,
ESTAT:TIPSUN20(1.0),16/04/26 23:00:00,Annual,Total,From 15 to 74 years,Percentage of population in the labour force,Spain,2020,15.5,,
ESTAT:TIPSUN20(1.0),16/04/26 23:00:00,Annual,Total,From 15 to 74 years,Percentage of population in the labour force,Spain,2021,14.9,d,
ESTAT:TIPSUN20(1.0),16/04/26 23:00:00,Annual,Total,From 15 to 74 years,Percentage of population in the labour force,Spain,2022,13.0,d,
ESTAT:TIPSUN20(1.0),16/04/26 23:00:00,Annual,Total,From 15 to 74 years,Percentage of population in the labour force,Spain,2023,12.2,d,
ESTAT:TIPSUN20(1.0),16/04/26 23:00:00,Annual,Total,From 15 to 74 years,Percentage of population in the labour force,Spain,2024,11.4,d,
ESTAT:TIPSUN20(1.0),16/04/26 23:00:00,Annual,Total,From 15 to 74 years,Percentage of population in the labour force,Spain,2025,10.5,d,
ESTAT:TIPSUN20(1.0),16/04/26 23:00:00,Annual,Total,From 15 to 74 years,Percentage of population in the labour force,Finland,2009,8.3,,
ESTAT:TIPSUN20(1.0),16/04/26 23:00:00,Annual,Total,From 15 to 74 years,Percentage of population in the labour force,Finland,2010,8.6,,
ESTAT:TIPSUN20(1.0),16/04/26 23:00:00,Annual,Total,From 15 to 74 years,Percentage of population in the labour force,Finland,2011,8.0,,
ESTAT:TIPSUN20(1.0),16/04/26 23:00:00,Annual,Total,From 15 to 74 years,Percentage of population in the labour force,Finland,2012,7.9,,
ESTAT:TIPSUN20(1.0),16/04/26 23:00:00,Annual,Total,From 15 to 74 years,Percentage of population in the labour force,Finland,2013,8.3,,
ESTAT:TIPSUN20(1.0),16/04/26 23:00:00,Annual,Total,From 15 to 74 years,Percentage of population in the labour force,Finland,2014,8.7,,
ESTAT:TIPSUN20(1.0),16/04/26 23:00:00,Annual,Total,From 15 to 74 years,Percentage of population in the labour force,Finland,2015,9.4,,
ESTAT:TIPSUN20(1.0),16/04/26 23:00:00,Annual,Total,From 15 to 74 years,Percentage of population in the labour force,Finland,2016,8.9,,
ESTAT:TIPSUN20(1.0),16/04/26 23:00:00,Annual,Total,From 15 to 74 years,Percentage of population in the labour force,Finland,2017,8.7,,
ESTAT:TIPSUN20(1.0),16/04/26 23:00:00,Annual,Total,From 15 to 74 years,Percentage of population in the labour force,Finland,2018,7.5,,
ESTAT:TIPSUN20(1.0),16/04/26 23:00:00,Annual,Total,From 15 to 74 years,Percentage of population in the labour force,Finland,2019,6.8,,
ESTAT:TIPSUN20(1.0),16/04/26 23:00:00,Annual,Total,From 15 to 74 years,Percentage of population in the labour force,Finland,2020,7.7,,
ESTAT:TIPSUN20(1.0),16/04/26 23:00:00,Annual,Total,From 15 to 74 years,Percentage of population in the labour force,Finland,2021,7.7,,
ESTAT:TIPSUN20(1.0),16/04/26 23:00:00,Annual,Total,From 15 to 74 years,Percentage of population in the labour force,Finland,2022,6.8,,
ESTAT:TIPSUN20(1.0),16/04/26 23:00:00,Annual,Total,From 15 to 74 years,Percentage of population in the labour force,Finland,2023,7.2,,
ESTAT:TIPSUN20(1.0),16/04/26 23:00:00,Annual,Total,From 15 to 74 years,Percentage of population in the labour force,Finland,2024,8.4,,
ESTAT:TIPSUN20(1.0),16/04/26 23:00:00,Annual,Total,From 15 to 74 years,Percentage of population in the labour force,Finland,2025,9.7,,
ESTAT:TIPSUN20(1.0),16/04/26 23:00:00,Annual,Total,From 15 to 74 years,Percentage of population in the labour force,France,2003,8.5,,
ESTAT:TIPSUN20(1.0),16/04/26 23:00:00,Annual,Total,From 15 to 74 years,Percentage of population in the labour force,France,2004,8.9,,
ESTAT:TIPSUN20(1.0),16/04/26 23:00:00,Annual,Total,From 15 to 74 years,Percentage of population in the labour force,France,2005,8.9,,
ESTAT:TIPSUN20(1.0),16/04/26 23:00:00,Annual,Total,From 15 to 74 years,Percentage of population in the labour force,France,2006,8.9,,
ESTAT:TIPSUN20(1.0),16/04/26 23:00:00,Annual,Total,From 15 to 74 years,Percentage of population in the labour force,France,2007,8.0,,
ESTAT:TIPSUN20(1.0),16/04/26 23:00:00,Annual,Total,From 15 to 74 years,Percentage of population in the labour force,France,2008,7.4,,
ESTAT:TIPSUN20(1.0),16/04/26 23:00:00,Annual,Total,From 15 to 74 years,Percentage of population in the labour force,France,2009,9.1,,
ESTAT:TIPSUN20(1.0),16/04/26 23:00:00,Annual,Total,From 15 to 74 years,Percentage of population in the labour force,France,2010,9.3,,
ESTAT:TIPSUN20(1.0),16/04/26 23:00:00,Annual,Total,From 15 to 74 years,Percentage of population in the labour force,France,2011,9.2,,
ESTAT:TIPSUN20(1.0),16/04/26 23:00:00,Annual,Total,From 15 to 74 years,Percentage of population in the labour force,France,2012,9.8,,
ESTAT:TIPSUN20(1.0),16/04/26 23:00:00,Annual,Total,From 15 to 74 years,Percentage of population in the labour force,France,2013,10.3,,
ESTAT:TIPSUN20(1.0),16/04/26 23:00:00,Annual,Total,From 15 to 74 years,Percentage of population in the labour force,France,2014,10.3,,
ESTAT:TIPSUN20(1.0),16/04/26 23:00:00,Annual,Total,From 15 to 74 years,Percentage of population in the labour force,France,2015,10.3,,
ESTAT:TIPSUN20(1.0),16/04/26 23:00:00,Annual,Total,From 15 to 74 years,Percentage of population in the labour force,France,2016,10.1,,
ESTAT:TIPSUN20(1.0),16/04/26 23:00:00,Annual,Total,From 15 to 74 years,Percentage of population in the labour force,France,2017,9.4,,
ESTAT:TIPSUN20(1.0),16/04/26 23:00:00,Annual,Total,From 15 to 74 years,Percentage of population in the labour force,France,2018,9.0,,
ESTAT:TIPSUN20(1.0),16/04/26 23:00:00,Annual,Total,From 15 to 74 years,Percentage of population in the labour force,France,2019,8.4,,
ESTAT:TIPSUN20(1.0),16/04/26 23:00:00,Annual,Total,From 15 to 74 years,Percentage of population in the labour force,France,2020,8.0,,
ESTAT:TIPSUN20(1.0),16/04/26 23:00:00,Annual,Total,From 15 to 74 years,Percentage of population in the labour force,France,2021,7.9,d,
ESTAT:TIPSUN20(1.0),16/04/26 23:00:00,Annual,Total,From 15 to 74 years,Percentage of population in the labour force,France,2022,7.3,d,
ESTAT:TIPSUN20(1.0),16/04/26 23:00:00,Annual,Total,From 15 to 74 years,Percentage of population in the labour force,France,2023,7.3,d,
ESTAT:TIPSUN20(1.0),16/04/26 23:00:00,Annual,Total,From 15 to 74 years,Percentage of population in the labour force,France,2024,7.4,d,
ESTAT:TIPSUN20(1.0),16/04/26 23:00:00,Annual,Total,From 15 to 74 years,Percentage of population in the labour force,France,2025,7.7,d,
ESTAT:TIPSUN20(1.0),16/04/26 23:00:00,Annual,Total,From 15 to 74 years,Percentage of population in the labour force,Croatia,2009,9.1,,
ESTAT:TIPSUN20(1.0),16/04/26 23:00:00,Annual,Total,From 15 to 74 years,Percentage of population in the labour force,Croatia,2010,11.7,,
ESTAT:TIPSUN20(1.0),16/04/26 23:00:00,Annual,Total,From 15 to 74 years,Percentage of population in the labour force,Croatia,2011,13.6,,
ESTAT:TIPSUN20(1.0),16/04/26 23:00:00,Annual,Total,From 15 to 74 years,Percentage of population in the labour force,Croatia,2012,16.1,b,
ESTAT:TIPSUN20(1.0),16/04/26 23:00:00,Annual,Total,From 15 to 74 years,Percentage of population in the labour force,Croatia,2013,17.3,,
ESTAT:TIPSUN20(1.0),16/04/26 23:00:00,Annual,Total,From 15 to 74 years,Percentage of population in the labour force,Croatia,2014,17.3,,
ESTAT:TIPSUN20(1.0),16/04/26 23:00:00,Annual,Total,From 15 to 74 years,Percentage of population in the labour force,Croatia,2015,16.2,,
ESTAT:TIPSUN20(1.0),16/04/26 23:00:00,Annual,Total,From 15 to 74 years,Percentage of population in the labour force,Croatia,2016,13.0,,
ESTAT:TIPSUN20(1.0),16/04/26 23:00:00,Annual,Total,From 15 to 74 years,Percentage of population in the labour force,Croatia,2017,11.1,,
ESTAT:TIPSUN20(1.0),16/04/26 23:00:00,Annual,Total,From 15 to 74 years,Percentage of population in the labour force,Croatia,2018,8.3,,
ESTAT:TIPSUN20(1.0),16/04/26 23:00:00,Annual,Total,From 15 to 74 years,Percentage of population in the labour force,Croatia,2019,6.6,,
ESTAT:TIPSUN20(1.0),16/04/26 23:00:00,Annual,Total,From 15 to 74 years,Percentage of population in the labour force,Croatia,2020,7.4,,
ESTAT:TIPSUN20(1.0),16/04/26 23:00:00,Annual,Total,From 15 to 74 years,Percentage of population in the labour force,Croatia,2021,7.5,,
ESTAT:TIPSUN20(1.0),16/04/26 23:00:00,Annual,Total,From 15 to 74 years,Percentage of population in the labour force,Croatia,2022,6.8,,
ESTAT:TIPSUN20(1.0),16/04/26 23:00:00,Annual,Total,From 15 to 74 years,Percentage of population in the labour force,Croatia,2023,6.1,,
ESTAT:TIPSUN20(1.0),16/04/26 23:00:00,Annual,Total,From 15 to 74 years,Percentage of population in the labour force,Croatia,2024,5.0,,
ESTAT:TIPSUN20(1.0),16/04/26 23:00:00,Annual,Total,From 15 to 74 years,Percentage of population in the labour force,Croatia,2025,4.9,,
ESTAT:TIPSUN20(1.0),16/04/26 23:00:00,Annual,Total,From 15 to 74 years,Percentage of population in the labour force,Hungary,2009,9.7,,
ESTAT:TIPSUN20(1.0),16/04/26 23:00:00,Annual,Total,From 15 to 74 years,Percentage of population in the labour force,Hungary,2010,10.8,,
ESTAT:TIPSUN20(1.0),16/04/26 23:00:00,Annual,Total,From 15 to 74 years,Percentage of population in the labour force,Hungary,2011,10.7,,
ESTAT:TIPSUN20(1.0),16/04/26 23:00:00,Annual,Total,From 15 to 74 years,Percentage of population in the labour force,Hungary,2012,10.7,,
ESTAT:TIPSUN20(1.0),16/04/26 23:00:00,Annual,Total,From 15 to 74 years,Percentage of population in the labour force,Hungary,2013,9.8,,
ESTAT:TIPSUN20(1.0),16/04/26 23:00:00,Annual,Total,From 15 to 74 years,Percentage of population in the labour force,Hungary,2014,7.5,,
ESTAT:TIPSUN20(1.0),16/04/26 23:00:00,Annual,Total,From 15 to 74 years,Percentage of population in the labour force,Hungary,2015,6.6,,
ESTAT:TIPSUN20(1.0),16/04/26 23:00:00,Annual,Total,From 15 to 74 years,Percentage of population in the labour force,Hungary,2016,5.0,,
ESTAT:TIPSUN20(1.0),16/04/26 23:00:00,Annual,Total,From 15 to 74 years,Percentage of population in the labour force,Hungary,2017,4.0,,
ESTAT:TIPSUN20(1.0),16/04/26 23:00:00,Annual,Total,From 15 to 74 years,Percentage of population in the labour force,Hungary,2018,3.6,b,
ESTAT:TIPSUN20(1.0),16/04/26 23:00:00,Annual,Total,From 15 to 74 years,Percentage of population in the labour force,Hungary,2019,3.3,,
ESTAT:TIPSUN20(1.0),16/04/26 23:00:00,Annual,Total,From 15 to 74 years,Percentage of population in the labour force,Hungary,2020,4.1,,
ESTAT:TIPSUN20(1.0),16/04/26 23:00:00,Annual,Total,From 15 to 74 years,Percentage of population in the labour force,Hungary,2021,4.0,,
ESTAT:TIPSUN20(1.0),16/04/26 23:00:00,Annual,Total,From 15 to 74 years,Percentage of population in the labour force,Hungary,2022,3.6,,
ESTAT:TIPSUN20(1.0),16/04/26 23:00:00,Annual,Total,From 15 to 74 years,Percentage of population in the labour force,Hungary,2023,4.1,,
ESTAT:TIPSUN20(1.0),16/04/26 23:00:00,Annual,Total,From 15 to 74 years,Percentage of population in the labour force,Hungary,2024,4.5,,
ESTAT:TIPSUN20(1.0),16/04/26 23:00:00,Annual,Total,From 15 to 74 years,Percentage of population in the labour force,Hungary,2025,4.4,,
ESTAT:TIPSUN20(1.0),16/04/26 23:00:00,Annual,Total,From 15 to 74 years,Percentage of population in the labour force,Ireland,2009,12.6,,
ESTAT:TIPSUN20(1.0),16/04/26 23:00:00,Annual,Total,From 15 to 74 years,Percentage of population in the labour force,Ireland,2010,14.6,,
ESTAT:TIPSUN20(1.0),16/04/26 23:00:00,Annual,Total,From 15 to 74 years,Percentage of population in the labour force,Ireland,2011,15.4,,
ESTAT:TIPSUN20(1.0),16/04/26 23:00:00,Annual,Total,From 15 to 74 years,Percentage of population in the labour force,Ireland,2012,15.5,,
ESTAT:TIPSUN20(1.0),16/04/26 23:00:00,Annual,Total,From 15 to 74 years,Percentage of population in the labour force,Ireland,2013,13.8,,
ESTAT:TIPSUN20(1.0),16/04/26 23:00:00,Annual,Total,From 15 to 74 years,Percentage of population in the labour force,Ireland,2014,11.9,,
ESTAT:TIPSUN20(1.0),16/04/26 23:00:00,Annual,Total,From 15 to 74 years,Percentage of population in the labour force,Ireland,2015,9.9,,
ESTAT:TIPSUN20(1.0),16/04/26 23:00:00,Annual,Total,From 15 to 74 years,Percentage of population in the labour force,Ireland,2016,8.4,,
ESTAT:TIPSUN20(1.0),16/04/26 23:00:00,Annual,Total,From 15 to 74 years,Percentage of population in the labour force,Ireland,2017,6.7,,
ESTAT:TIPSUN20(1.0),16/04/26 23:00:00,Annual,Total,From 15 to 74 years,Percentage of population in the labour force,Ireland,2018,5.8,,
ESTAT:TIPSUN20(1.0),16/04/26 23:00:00,Annual,Total,From 15 to 74 years,Percentage of population in the labour force,Ireland,2019,5.0,,
ESTAT:TIPSUN20(1.0),16/04/26 23:00:00,Annual,Total,From 15 to 74 years,Percentage of population in the labour force,Ireland,2020,5.9,,
ESTAT:TIPSUN20(1.0),16/04/26 23:00:00,Annual,Total,From 15 to 74 years,Percentage of population in the labour force,Ireland,2021,6.2,b,
ESTAT:TIPSUN20(1.0),16/04/26 23:00:00,Annual,Total,From 15 to 74 years,Percentage of population in the labour force,Ireland,2022,4.5,,
ESTAT:TIPSUN20(1.0),16/04/26 23:00:00,Annual,Total,From 15 to 74 years,Percentage of population in the labour force,Ireland,2023,4.3,,
ESTAT:TIPSUN20(1.0),16/04/26 23:00:00,Annual,Total,From 15 to 74 years,Percentage of population in the labour force,Ireland,2024,4.3,,
ESTAT:TIPSUN20(1.0),16/04/26 23:00:00,Annual,Total,From 15 to 74 years,Percentage of population in the labour force,Ireland,2025,4.7,,
ESTAT:TIPSUN20(1.0),16/04/26 23:00:00,Annual,Total,From 15 to 74 years,Percentage of population in the labour force,Italy,2009,7.9,,
ESTAT:TIPSUN20(1.0),16/04/26 23:00:00,Annual,Total,From 15 to 74 years,Percentage of population in the labour force,Italy,2010,8.5,,
ESTAT:TIPSUN20(1.0),16/04/26 23:00:00,Annual,Total,From 15 to 74 years,Percentage of population in the labour force,Italy,2011,8.5,,
ESTAT:TIPSUN20(1.0),16/04/26 23:00:00,Annual,Total,From 15 to 74 years,Percentage of population in the labour force,Italy,2012,10.9,,
ESTAT:TIPSUN20(1.0),16/04/26 23:00:00,Annual,Total,From 15 to 74 years,Percentage of population in the labour force,Italy,2013,12.4,,
ESTAT:TIPSUN20(1.0),16/04/26 23:00:00,Annual,Total,From 15 to 74 years,Percentage of population in the labour force,Italy,2014,12.9,,
ESTAT:TIPSUN20(1.0),16/04/26 23:00:00,Annual,Total,From 15 to 74 years,Percentage of population in the labour force,Italy,2015,12.0,,
ESTAT:TIPSUN20(1.0),16/04/26 23:00:00,Annual,Total,From 15 to 74 years,Percentage of population in the labour force,Italy,2016,11.7,,
ESTAT:TIPSUN20(1.0),16/04/26 23:00:00,Annual,Total,From 15 to 74 years,Percentage of population in the labour force,Italy,2017,11.3,,
ESTAT:TIPSUN20(1.0),16/04/26 23:00:00,Annual,Total,From 15 to 74 years,Percentage of population in the labour force,Italy,2018,10.6,b,
ESTAT:TIPSUN20(1.0),16/04/26 23:00:00,Annual,Total,From 15 to 74 years,Percentage of population in the labour force,Italy,2019,9.9,,
ESTAT:TIPSUN20(1.0),16/04/26 23:00:00,Annual,Total,From 15 to 74 years,Percentage of population in the labour force,Italy,2020,9.3,,
ESTAT:TIPSUN20(1.0),16/04/26 23:00:00,Annual,Total,From 15 to 74 years,Percentage of population in the labour force,Italy,2021,9.5,,
ESTAT:TIPSUN20(1.0),16/04/26 23:00:00,Annual,Total,From 15 to 74 years,Percentage of population in the labour force,Italy,2022,8.1,,
ESTAT:TIPSUN20(1.0),16/04/26 23:00:00,Annual,Total,From 15 to 74 years,Percentage of population in the labour force,Italy,2023,7.7,,
ESTAT:TIPSUN20(1.0),16/04/26 23:00:00,Annual,Total,From 15 to 74 years,Percentage of population in the labour force,Italy,2024,6.5,,
ESTAT:TIPSUN20(1.0),16/04/26 23:00:00,Annual,Total,From 15 to 74 years,Percentage of population in the labour force,Italy,2025,6.1,,
ESTAT:TIPSUN20(1.0),16/04/26 23:00:00,Annual,Total,From 15 to 74 years,Percentage of population in the labour force,Lithuania,2009,13.8,,
ESTAT:TIPSUN20(1.0),16/04/26 23:00:00,Annual,Total,From 15 to 74 years,Percentage of population in the labour force,Lithuania,2010,17.8,,
ESTAT:TIPSUN20(1.0),16/04/26 23:00:00,Annual,Total,From 15 to 74 years,Percentage of population in the labour force,Lithuania,2011,15.4,,
ESTAT:TIPSUN20(1.0),16/04/26 23:00:00,Annual,Total,From 15 to 74 years,Percentage of population in the labour force,Lithuania,2012,13.4,,
ESTAT:TIPSUN20(1.0),16/04/26 23:00:00,Annual,Total,From 15 to 74 years,Percentage of population in the labour force,Lithuania,2013,11.8,,
ESTAT:TIPSUN20(1.0),16/04/26 23:00:00,Annual,Total,From 15 to 74 years,Percentage of population in the labour force,Lithuania,2014,10.7,,
ESTAT:TIPSUN20(1.0),16/04/26 23:00:00,Annual,Total,From 15 to 74 years,Percentage of population in the labour force,Lithuania,2015,9.1,,
ESTAT:TIPSUN20(1.0),16/04/26 23:00:00,Annual,Total,From 15 to 74 years,Percentage of population in the labour force,Lithuania,2016,7.9,,
ESTAT:TIPSUN20(1.0),16/04/26 23:00:00,Annual,Total,From 15 to 74 years,Percentage of population in the labour force,Lithuania,2017,7.1,,
ESTAT:TIPSUN20(1.0),16/04/26 23:00:00,Annual,Total,From 15 to 74 years,Percentage of population in the labour force,Lithuania,2018,6.2,,
ESTAT:TIPSUN20(1.0),16/04/26 23:00:00,Annual,Total,From 15 to 74 years,Percentage of population in the labour force,Lithuania,2019,6.3,,
ESTAT:TIPSUN20(1.0),16/04/26 23:00:00,Annual,Total,From 15 to 74 years,Percentage of population in the labour force,Lithuania,2020,8.5,,
ESTAT:TIPSUN20(1.0),16/04/26 23:00:00,Annual,Total,From 15 to 74 years,Percentage of population in the labour force,Lithuania,2021,7.1,,
ESTAT:TIPSUN20(1.0),16/04/26 23:00:00,Annual,Total,From 15 to 74 years,Percentage of population in the labour force,Lithuania,2022,6.0,,
ESTAT:TIPSUN20(1.0),16/04/26 23:00:00,Annual,Total,From 15 to 74 years,Percentage of population in the labour force,Lithuania,2023,6.9,,
ESTAT:TIPSUN20(1.0),16/04/26 23:00:00,Annual,Total,From 15 to 74 years,Percentage of population in the labour force,Lithuania,2024,7.1,,
ESTAT:TIPSUN20(1.0),16/04/26 23:00:00,Annual,Total,From 15 to 74 years,Percentage of population in the labour force,Lithuania,2025,6.9,,
ESTAT:TIPSUN20(1.0),16/04/26 23:00:00,Annual,Total,From 15 to 74 years,Percentage of population in the labour force,Luxembourg,2009,5.1,,
ESTAT:TIPSUN20(1.0),16/04/26 23:00:00,Annual,Total,From 15 to 74 years,Percentage of population in the labour force,Luxembourg,2010,4.4,,
ESTAT:TIPSUN20(1.0),16/04/26 23:00:00,Annual,Total,From 15 to 74 years,Percentage of population in the labour force,Luxembourg,2011,4.9,,
ESTAT:TIPSUN20(1.0),16/04/26 23:00:00,Annual,Total,From 15 to 74 years,Percentage of population in the labour force,Luxembourg,2012,5.1,,
ESTAT:TIPSUN20(1.0),16/04/26 23:00:00,Annual,Total,From 15 to 74 years,Percentage of population in the labour force,Luxembourg,2013,5.9,,
ESTAT:TIPSUN20(1.0),16/04/26 23:00:00,Annual,Total,From 15 to 74 years,Percentage of population in the labour force,Luxembourg,2014,5.9,,
ESTAT:TIPSUN20(1.0),16/04/26 23:00:00,Annual,Total,From 15 to 74 years,Percentage of population in the labour force,Luxembourg,2015,6.7,b,
ESTAT:TIPSUN20(1.0),16/04/26 23:00:00,Annual,Total,From 15 to 74 years,Percentage of population in the labour force,Luxembourg,2016,6.3,,
ESTAT:TIPSUN20(1.0),16/04/26 23:00:00,Annual,Total,From 15 to 74 years,Percentage of population in the labour force,Luxembourg,2017,5.5,,
ESTAT:TIPSUN20(1.0),16/04/26 23:00:00,Annual,Total,From 15 to 74 years,Percentage of population in the labour force,Luxembourg,2018,5.6,,
ESTAT:TIPSUN20(1.0),16/04/26 23:00:00,Annual,Total,From 15 to 74 years,Percentage of population in the labour force,Luxembourg,2019,5.6,,
ESTAT:TIPSUN20(1.0),16/04/26 23:00:00,Annual,Total,From 15 to 74 years,Percentage of population in the labour force,Luxembourg,2020,6.8,,
ESTAT:TIPSUN20(1.0),16/04/26 23:00:00,Annual,Total,From 15 to 74 years,Percentage of population in the labour force,Luxembourg,2021,5.3,,
ESTAT:TIPSUN20(1.0),16/04/26 23:00:00,Annual,Total,From 15 to 74 years,Percentage of population in the labour force,Luxembourg,2022,4.6,,
ESTAT:TIPSUN20(1.0),16/04/26 23:00:00,Annual,Total,From 15 to 74 years,Percentage of population in the labour force,Luxembourg,2023,5.2,,
ESTAT:TIPSUN20(1.0),16/04/26 23:00:00,Annual,Total,From 15 to 74 years,Percentage of population in the labour force,Luxembourg,2024,6.4,,
ESTAT:TIPSUN20(1.0),16/04/26 23:00:00,Annual,Total,From 15 to 74 years,Percentage of population in the labour force,Luxembourg,2025,6.5,,
ESTAT:TIPSUN20(1.0),16/04/26 23:00:00,Annual,Total,From 15 to 74 years,Percentage of population in the labour force,Latvia,2009,17.7,,
ESTAT:TIPSUN20(1.0),16/04/26 23:00:00,Annual,Total,From 15 to 74 years,Percentage of population in the labour force,Latvia,2010,19.7,,
ESTAT:TIPSUN20(1.0),16/04/26 23:00:00,Annual,Total,From 15 to 74 years,Percentage of population in the labour force,Latvia,2011,16.3,,
ESTAT:TIPSUN20(1.0),16/04/26 23:00:00,Annual,Total,From 15 to 74 years,Percentage of population in the labour force,Latvia,2012,15.1,,
ESTAT:TIPSUN20(1.0),16/04/26 23:00:00,Annual,Total,From 15 to 74 years,Percentage of population in the labour force,Latvia,2013,11.9,,
ESTAT:TIPSUN20(1.0),16/04/26 23:00:00,Annual,Total,From 15 to 74 years,Percentage of population in the labour force,Latvia,2014,10.9,,
ESTAT:TIPSUN20(1.0),16/04/26 23:00:00,Annual,Total,From 15 to 74 years,Percentage of population in the labour force,Latvia,2015,9.9,,
ESTAT:TIPSUN20(1.0),16/04/26 23:00:00,Annual,Total,From 15 to 74 years,Percentage of population in the labour force,Latvia,2016,9.7,,
ESTAT:TIPSUN20(1.0),16/04/26 23:00:00,Annual,Total,From 15 to 74 years,Percentage of population in the labour force,Latvia,2017,8.7,,
ESTAT:TIPSUN20(1.0),16/04/26 23:00:00,Annual,Total,From 15 to 74 years,Percentage of population in the labour force,Latvia,2018,7.4,,
ESTAT:TIPSUN20(1.0),16/04/26 23:00:00,Annual,Total,From 15 to 74 years,Percentage of population in the labour force,Latvia,2019,6.3,,
ESTAT:TIPSUN20(1.0),16/04/26 23:00:00,Annual,Total,From 15 to 74 years,Percentage of population in the labour force,Latvia,2020,8.1,,
ESTAT:TIPSUN20(1.0),16/04/26 23:00:00,Annual,Total,From 15 to 74 years,Percentage of population in the labour force,Latvia,2021,7.6,,
ESTAT:TIPSUN20(1.0),16/04/26 23:00:00,Annual,Total,From 15 to 74 years,Percentage of population in the labour force,Latvia,2022,6.9,,
ESTAT:TIPSUN20(1.0),16/04/26 23:00:00,Annual,Total,From 15 to 74 years,Percentage of population in the labour force,Latvia,2023,6.5,,
ESTAT:TIPSUN20(1.0),16/04/26 23:00:00,Annual,Total,From 15 to 74 years,Percentage of population in the labour force,Latvia,2024,6.9,,
ESTAT:TIPSUN20(1.0),16/04/26 23:00:00,Annual,Total,From 15 to 74 years,Percentage of population in the labour force,Latvia,2025,6.9,,
ESTAT:TIPSUN20(1.0),16/04/26 23:00:00,Annual,Total,From 15 to 74 years,Percentage of population in the labour force,Malta,2009,6.9,,
ESTAT:TIPSUN20(1.0),16/04/26 23:00:00,Annual,Total,From 15 to 74 years,Percentage of population in the labour force,Malta,2010,6.9,,
ESTAT:TIPSUN20(1.0),16/04/26 23:00:00,Annual,Total,From 15 to 74 years,Percentage of population in the labour force,Malta,2011,6.4,,
ESTAT:TIPSUN20(1.0),16/04/26 23:00:00,Annual,Total,From 15 to 74 years,Percentage of population in the labour force,Malta,2012,6.2,,
ESTAT:TIPSUN20(1.0),16/04/26 23:00:00,Annual,Total,From 15 to 74 years,Percentage of population in the labour force,Malta,2013,6.1,,
ESTAT:TIPSUN20(1.0),16/04/26 23:00:00,Annual,Total,From 15 to 74 years,Percentage of population in the labour force,Malta,2014,5.7,,
ESTAT:TIPSUN20(1.0),16/04/26 23:00:00,Annual,Total,From 15 to 74 years,Percentage of population in the labour force,Malta,2015,5.4,,
ESTAT:TIPSUN20(1.0),16/04/26 23:00:00,Annual,Total,From 15 to 74 years,Percentage of population in the labour force,Malta,2016,4.7,,
ESTAT:TIPSUN20(1.0),16/04/26 23:00:00,Annual,Total,From 15 to 74 years,Percentage of population in the labour force,Malta,2017,4.0,,
ESTAT:TIPSUN20(1.0),16/04/26 23:00:00,Annual,Total,From 15 to 74 years,Percentage of population in the labour force,Malta,2018,4.0,,
ESTAT:TIPSUN20(1.0),16/04/26 23:00:00,Annual,Total,From 15 to 74 years,Percentage of population in the labour force,Malta,2019,4.1,,
ESTAT:TIPSUN20(1.0),16/04/26 23:00:00,Annual,Total,From 15 to 74 years,Percentage of population in the labour force,Malta,2020,4.9,,
ESTAT:TIPSUN20(1.0),16/04/26 23:00:00,Annual,Total,From 15 to 74 years,Percentage of population in the labour force,Malta,2021,3.8,,
ESTAT:TIPSUN20(1.0),16/04/26 23:00:00,Annual,Total,From 15 to 74 years,Percentage of population in the labour force,Malta,2022,3.5,,
ESTAT:TIPSUN20(1.0),16/04/26 23:00:00,Annual,Total,From 15 to 74 years,Percentage of population in the labour force,Malta,2023,3.5,,
ESTAT:TIPSUN20(1.0),16/04/26 23:00:00,Annual,Total,From 15 to 74 years,Percentage of population in the labour force,Malta,2024,3.2,,
ESTAT:TIPSUN20(1.0),16/04/26 23:00:00,Annual,Total,From 15 to 74 years,Percentage of population in the labour force,Malta,2025,3.1,,
ESTAT:TIPSUN20(1.0),16/04/26 23:00:00,Annual,Total,From 15 to 74 years,Percentage of population in the labour force,Netherlands,2009,5.4,,
ESTAT:TIPSUN20(1.0),16/04/26 23:00:00,Annual,Total,From 15 to 74 years,Percentage of population in the labour force,Netherlands,2010,6.1,,
ESTAT:TIPSUN20(1.0),16/04/26 23:00:00,Annual,Total,From 15 to 74 years,Percentage of population in the labour force,Netherlands,2011,6.0,,
ESTAT:TIPSUN20(1.0),16/04/26 23:00:00,Annual,Total,From 15 to 74 years,Percentage of population in the labour force,Netherlands,2012,6.8,,
ESTAT:TIPSUN20(1.0),16/04/26 23:00:00,Annual,Total,From 15 to 74 years,Percentage of population in the labour force,Netherlands,2013,8.2,,
ESTAT:TIPSUN20(1.0),16/04/26 23:00:00,Annual,Total,From 15 to 74 years,Percentage of population in the labour force,Netherlands,2014,8.4,,
ESTAT:TIPSUN20(1.0),16/04/26 23:00:00,Annual,Total,From 15 to 74 years,Percentage of population in the labour force,Netherlands,2015,7.9,,
ESTAT:TIPSUN20(1.0),16/04/26 23:00:00,Annual,Total,From 15 to 74 years,Percentage of population in the labour force,Netherlands,2016,7.0,,
ESTAT:TIPSUN20(1.0),16/04/26 23:00:00,Annual,Total,From 15 to 74 years,Percentage of population in the labour force,Netherlands,2017,5.9,,
ESTAT:TIPSUN20(1.0),16/04/26 23:00:00,Annual,Total,From 15 to 74 years,Percentage of population in the labour force,Netherlands,2018,4.9,,
ESTAT:TIPSUN20(1.0),16/04/26 23:00:00,Annual,Total,From 15 to 74 years,Percentage of population in the labour force,Netherlands,2019,4.4,,
ESTAT:TIPSUN20(1.0),16/04/26 23:00:00,Annual,Total,From 15 to 74 years,Percentage of population in the labour force,Netherlands,2020,4.9,,
ESTAT:TIPSUN20(1.0),16/04/26 23:00:00,Annual,Total,From 15 to 74 years,Percentage of population in the labour force,Netherlands,2021,4.2,,
ESTAT:TIPSUN20(1.0),16/04/26 23:00:00,Annual,Total,From 15 to 74 years,Percentage of population in the labour force,Netherlands,2022,3.5,,
ESTAT:TIPSUN20(1.0),16/04/26 23:00:00,Annual,Total,From 15 to 74 years,Percentage of population in the labour force,Netherlands,2023,3.6,,
ESTAT:TIPSUN20(1.0),16/04/26 23:00:00,Annual,Total,From 15 to 74 years,Percentage of population in the labour force,Netherlands,2024,3.7,,
ESTAT:TIPSUN20(1.0),16/04/26 23:00:00,Annual,Total,From 15 to 74 years,Percentage of population in the labour force,Netherlands,2025,3.9,,
ESTAT:TIPSUN20(1.0),16/04/26 23:00:00,Annual,Total,From 15 to 74 years,Percentage of population in the labour force,Poland,2009,8.5,,
ESTAT:TIPSUN20(1.0),16/04/26 23:00:00,Annual,Total,From 15 to 74 years,Percentage of population in the labour force,Poland,2010,10.0,b,
ESTAT:TIPSUN20(1.0),16/04/26 23:00:00,Annual,Total,From 15 to 74 years,Percentage of population in the labour force,Poland,2011,10.0,,
ESTAT:TIPSUN20(1.0),16/04/26 23:00:00,Annual,Total,From 15 to 74 years,Percentage of population in the labour force,Poland,2012,10.4,,
ESTAT:TIPSUN20(1.0),16/04/26 23:00:00,Annual,Total,From 15 to 74 years,Percentage of population in the labour force,Poland,2013,10.6,,
ESTAT:TIPSUN20(1.0),16/04/26 23:00:00,Annual,Total,From 15 to 74 years,Percentage of population in the labour force,Poland,2014,9.2,,
ESTAT:TIPSUN20(1.0),16/04/26 23:00:00,Annual,Total,From 15 to 74 years,Percentage of population in the labour force,Poland,2015,7.7,,
ESTAT:TIPSUN20(1.0),16/04/26 23:00:00,Annual,Total,From 15 to 74 years,Percentage of population in the labour force,Poland,2016,6.3,,
ESTAT:TIPSUN20(1.0),16/04/26 23:00:00,Annual,Total,From 15 to 74 years,Percentage of population in the labour force,Poland,2017,5.0,,
ESTAT:TIPSUN20(1.0),16/04/26 23:00:00,Annual,Total,From 15 to 74 years,Percentage of population in the labour force,Poland,2018,3.9,,
ESTAT:TIPSUN20(1.0),16/04/26 23:00:00,Annual,Total,From 15 to 74 years,Percentage of population in the labour force,Poland,2019,3.3,b,
ESTAT:TIPSUN20(1.0),16/04/26 23:00:00,Annual,Total,From 15 to 74 years,Percentage of population in the labour force,Poland,2020,3.2,,
ESTAT:TIPSUN20(1.0),16/04/26 23:00:00,Annual,Total,From 15 to 74 years,Percentage of population in the labour force,Poland,2021,3.4,,
ESTAT:TIPSUN20(1.0),16/04/26 23:00:00,Annual,Total,From 15 to 74 years,Percentage of population in the labour force,Poland,2022,2.9,,
ESTAT:TIPSUN20(1.0),16/04/26 23:00:00,Annual,Total,From 15 to 74 years,Percentage of population in the labour force,Poland,2023,2.8,,
ESTAT:TIPSUN20(1.0),16/04/26 23:00:00,Annual,Total,From 15 to 74 years,Percentage of population in the labour force,Poland,2024,2.9,,
ESTAT:TIPSUN20(1.0),16/04/26 23:00:00,Annual,Total,From 15 to 74 years,Percentage of population in the labour force,Poland,2025,3.1,,
ESTAT:TIPSUN20(1.0),16/04/26 23:00:00,Annual,Total,From 15 to 74 years,Percentage of population in the labour force,Portugal,2009,11.2,,
ESTAT:TIPSUN20(1.0),16/04/26 23:00:00,Annual,Total,From 15 to 74 years,Percentage of population in the labour force,Portugal,2010,12.6,,
ESTAT:TIPSUN20(1.0),16/04/26 23:00:00,Annual,Total,From 15 to 74 years,Percentage of population in the labour force,Portugal,2011,13.5,,
ESTAT:TIPSUN20(1.0),16/04/26 23:00:00,Annual,Total,From 15 to 74 years,Percentage of population in the labour force,Portugal,2012,16.6,,
ESTAT:TIPSUN20(1.0),16/04/26 23:00:00,Annual,Total,From 15 to 74 years,Percentage of population in the labour force,Portugal,2013,17.2,,
ESTAT:TIPSUN20(1.0),16/04/26 23:00:00,Annual,Total,From 15 to 74 years,Percentage of population in the labour force,Portugal,2014,14.6,,
ESTAT:TIPSUN20(1.0),16/04/26 23:00:00,Annual,Total,From 15 to 74 years,Percentage of population in the labour force,Portugal,2015,13.0,,
ESTAT:TIPSUN20(1.0),16/04/26 23:00:00,Annual,Total,From 15 to 74 years,Percentage of population in the labour force,Portugal,2016,11.5,,
ESTAT:TIPSUN20(1.0),16/04/26 23:00:00,Annual,Total,From 15 to 74 years,Percentage of population in the labour force,Portugal,2017,9.2,,
ESTAT:TIPSUN20(1.0),16/04/26 23:00:00,Annual,Total,From 15 to 74 years,Percentage of population in the labour force,Portugal,2018,7.2,,
ESTAT:TIPSUN20(1.0),16/04/26 23:00:00,Annual,Total,From 15 to 74 years,Percentage of population in the labour force,Portugal,2019,6.6,,
ESTAT:TIPSUN20(1.0),16/04/26 23:00:00,Annual,Total,From 15 to 74 years,Percentage of population in the labour force,Portugal,2020,7.1,,
ESTAT:TIPSUN20(1.0),16/04/26 23:00:00,Annual,Total,From 15 to 74 years,Percentage of population in the labour force,Portugal,2021,6.7,,
ESTAT:TIPSUN20(1.0),16/04/26 23:00:00,Annual,Total,From 15 to 74 years,Percentage of population in the labour force,Portugal,2022,6.2,,
ESTAT:TIPSUN20(1.0),16/04/26 23:00:00,Annual,Total,From 15 to 74 years,Percentage of population in the labour force,Portugal,2023,6.5,,
ESTAT:TIPSUN20(1.0),16/04/26 23:00:00,Annual,Total,From 15 to 74 years,Percentage of population in the labour force,Portugal,2024,6.5,,
ESTAT:TIPSUN20(1.0),16/04/26 23:00:00,Annual,Total,From 15 to 74 years,Percentage of population in the labour force,Portugal,2025,6.0,,
ESTAT:TIPSUN20(1.0),16/04/26 23:00:00,Annual,Total,From 15 to 74 years,Percentage of population in the labour force,Romania,2009,8.4,,
ESTAT:TIPSUN20(1.0),16/04/26 23:00:00,Annual,Total,From 15 to 74 years,Percentage of population in the labour force,Romania,2010,9.0,,
ESTAT:TIPSUN20(1.0),16/04/26 23:00:00,Annual,Total,From 15 to 74 years,Percentage of population in the labour force,Romania,2011,9.1,,
ESTAT:TIPSUN20(1.0),16/04/26 23:00:00,Annual,Total,From 15 to 74 years,Percentage of population in the labour force,Romania,2012,8.7,,
ESTAT:TIPSUN20(1.0),16/04/26 23:00:00,Annual,Total,From 15 to 74 years,Percentage of population in the labour force,Romania,2013,9.0,,
ESTAT:TIPSUN20(1.0),16/04/26 23:00:00,Annual,Total,From 15 to 74 years,Percentage of population in the labour force,Romania,2014,8.6,,
ESTAT:TIPSUN20(1.0),16/04/26 23:00:00,Annual,Total,From 15 to 74 years,Percentage of population in the labour force,Romania,2015,8.4,,
ESTAT:TIPSUN20(1.0),16/04/26 23:00:00,Annual,Total,From 15 to 74 years,Percentage of population in the labour force,Romania,2016,7.2,,
ESTAT:TIPSUN20(1.0),16/04/26 23:00:00,Annual,Total,From 15 to 74 years,Percentage of population in the labour force,Romania,2017,6.1,,
ESTAT:TIPSUN20(1.0),16/04/26 23:00:00,Annual,Total,From 15 to 74 years,Percentage of population in the labour force,Romania,2018,5.3,,
ESTAT:TIPSUN20(1.0),16/04/26 23:00:00,Annual,Total,From 15 to 74 years,Percentage of population in the labour force,Romania,2019,4.9,,
ESTAT:TIPSUN20(1.0),16/04/26 23:00:00,Annual,Total,From 15 to 74 years,Percentage of population in the labour force,Romania,2020,6.1,,
ESTAT:TIPSUN20(1.0),16/04/26 23:00:00,Annual,Total,From 15 to 74 years,Percentage of population in the labour force,Romania,2021,5.6,,
ESTAT:TIPSUN20(1.0),16/04/26 23:00:00,Annual,Total,From 15 to 74 years,Percentage of population in the labour force,Romania,2022,5.6,,
ESTAT:TIPSUN20(1.0),16/04/26 23:00:00,Annual,Total,From 15 to 74 years,Percentage of population in the labour force,Romania,2023,5.6,,
ESTAT:TIPSUN20(1.0),16/04/26 23:00:00,Annual,Total,From 15 to 74 years,Percentage of population in the labour force,Romania,2024,5.4,,
ESTAT:TIPSUN20(1.0),16/04/26 23:00:00,Annual,Total,From 15 to 74 years,Percentage of population in the labour force,Romania,2025,6.1,,
ESTAT:TIPSUN20(1.0),16/04/26 23:00:00,Annual,Total,From 15 to 74 years,Percentage of population in the labour force,Sweden,2005,7.9,,
ESTAT:TIPSUN20(1.0),16/04/26 23:00:00,Annual,Total,From 15 to 74 years,Percentage of population in the labour force,Sweden,2006,7.2,,
ESTAT:TIPSUN20(1.0),16/04/26 23:00:00,Annual,Total,From 15 to 74 years,Percentage of population in the labour force,Sweden,2007,6.3,,
ESTAT:TIPSUN20(1.0),16/04/26 23:00:00,Annual,Total,From 15 to 74 years,Percentage of population in the labour force,Sweden,2008,6.3,,
ESTAT:TIPSUN20(1.0),16/04/26 23:00:00,Annual,Total,From 15 to 74 years,Percentage of population in the labour force,Sweden,2009,8.5,,
ESTAT:TIPSUN20(1.0),16/04/26 23:00:00,Annual,Total,From 15 to 74 years,Percentage of population in the labour force,Sweden,2010,8.7,,
ESTAT:TIPSUN20(1.0),16/04/26 23:00:00,Annual,Total,From 15 to 74 years,Percentage of population in the labour force,Sweden,2011,7.9,,
ESTAT:TIPSUN20(1.0),16/04/26 23:00:00,Annual,Total,From 15 to 74 years,Percentage of population in the labour force,Sweden,2012,8.1,,
ESTAT:TIPSUN20(1.0),16/04/26 23:00:00,Annual,Total,From 15 to 74 years,Percentage of population in the labour force,Sweden,2013,8.1,,
ESTAT:TIPSUN20(1.0),16/04/26 23:00:00,Annual,Total,From 15 to 74 years,Percentage of population in the labour force,Sweden,2014,8.0,,
ESTAT:TIPSUN20(1.0),16/04/26 23:00:00,Annual,Total,From 15 to 74 years,Percentage of population in the labour force,Sweden,2015,7.5,,
ESTAT:TIPSUN20(1.0),16/04/26 23:00:00,Annual,Total,From 15 to 74 years,Percentage of population in the labour force,Sweden,2016,7.1,,
ESTAT:TIPSUN20(1.0),16/04/26 23:00:00,Annual,Total,From 15 to 74 years,Percentage of population in the labour force,Sweden,2017,6.8,,
ESTAT:TIPSUN20(1.0),16/04/26 23:00:00,Annual,Total,From 15 to 74 years,Percentage of population in the labour force,Sweden,2018,6.5,,
ESTAT:TIPSUN20(1.0),16/04/26 23:00:00,Annual,Total,From 15 to 74 years,Percentage of population in the labour force,Sweden,2019,6.9,,
ESTAT:TIPSUN20(1.0),16/04/26 23:00:00,Annual,Total,From 15 to 74 years,Percentage of population in the labour force,Sweden,2020,8.5,,
ESTAT:TIPSUN20(1.0),16/04/26 23:00:00,Annual,Total,From 15 to 74 years,Percentage of population in the labour force,Sweden,2021,8.9,,
ESTAT:TIPSUN20(1.0),16/04/26 23:00:00,Annual,Total,From 15 to 74 years,Percentage of population in the labour force,Sweden,2022,7.5,,
ESTAT:TIPSUN20(1.0),16/04/26 23:00:00,Annual,Total,From 15 to 74 years,Percentage of population in the labour force,Sweden,2023,7.7,,
ESTAT:TIPSUN20(1.0),16/04/26 23:00:00,Annual,Total,From 15 to 74 years,Percentage of population in the labour force,Sweden,2024,8.4,,
ESTAT:TIPSUN20(1.0),16/04/26 23:00:00,Annual,Total,From 15 to 74 years,Percentage of population in the labour force,Sweden,2025,8.8,,
ESTAT:TIPSUN20(1.0),16/04/26 23:00:00,Annual,Total,From 15 to 74 years,Percentage of population in the labour force,Slovenia,2009,5.9,,
ESTAT:TIPSUN20(1.0),16/04/26 23:00:00,Annual,Total,From 15 to 74 years,Percentage of population in the labour force,Slovenia,2010,7.3,,
ESTAT:TIPSUN20(1.0),16/04/26 23:00:00,Annual,Total,From 15 to 74 years,Percentage of population in the labour force,Slovenia,2011,8.2,,
ESTAT:TIPSUN20(1.0),16/04/26 23:00:00,Annual,Total,From 15 to 74 years,Percentage of population in the labour force,Slovenia,2012,8.9,,
ESTAT:TIPSUN20(1.0),16/04/26 23:00:00,Annual,Total,From 15 to 74 years,Percentage of population in the labour force,Slovenia,2013,10.1,,
ESTAT:TIPSUN20(1.0),16/04/26 23:00:00,Annual,Total,From 15 to 74 years,Percentage of population in the labour force,Slovenia,2014,9.7,,
ESTAT:TIPSUN20(1.0),16/04/26 23:00:00,Annual,Total,From 15 to 74 years,Percentage of population in the labour force,Slovenia,2015,9.0,,
ESTAT:TIPSUN20(1.0),16/04/26 23:00:00,Annual,Total,From 15 to 74 years,Percentage of population in the labour force,Slovenia,2016,8.0,,
ESTAT:TIPSUN20(1.0),16/04/26 23:00:00,Annual,Total,From 15 to 74 years,Percentage of population in the labour force,Slovenia,2017,6.6,,
ESTAT:TIPSUN20(1.0),16/04/26 23:00:00,Annual,Total,From 15 to 74 years,Percentage of population in the labour force,Slovenia,2018,5.1,,
ESTAT:TIPSUN20(1.0),16/04/26 23:00:00,Annual,Total,From 15 to 74 years,Percentage of population in the labour force,Slovenia,2019,4.4,,
ESTAT:TIPSUN20(1.0),16/04/26 23:00:00,Annual,Total,From 15 to 74 years,Percentage of population in the labour force,Slovenia,2020,5.0,,
ESTAT:TIPSUN20(1.0),16/04/26 23:00:00,Annual,Total,From 15 to 74 years,Percentage of population in the labour force,Slovenia,2021,4.8,,
ESTAT:TIPSUN20(1.0),16/04/26 23:00:00,Annual,Total,From 15 to 74 years,Percentage of population in the labour force,Slovenia,2022,4.0,,
ESTAT:TIPSUN20(1.0),16/04/26 23:00:00,Annual,Total,From 15 to 74 years,Percentage of population in the labour force,Slovenia,2023,3.7,,
ESTAT:TIPSUN20(1.0),16/04/26 23:00:00,Annual,Total,From 15 to 74 years,Percentage of population in the labour force,Slovenia,2024,3.7,,
ESTAT:TIPSUN20(1.0),16/04/26 23:00:00,Annual,Total,From 15 to 74 years,Percentage of population in the labour force,Slovenia,2025,3.9,,
ESTAT:TIPSUN20(1.0),16/04/26 23:00:00,Annual,Total,From 15 to 74 years,Percentage of population in the labour force,Slovakia,2009,12.0,,
ESTAT:TIPSUN20(1.0),16/04/26 23:00:00,Annual,Total,From 15 to 74 years,Percentage of population in the labour force,Slovakia,2010,14.3,,
ESTAT:TIPSUN20(1.0),16/04/26 23:00:00,Annual,Total,From 15 to 74 years,Percentage of population in the labour force,Slovakia,2011,13.5,b,
ESTAT:TIPSUN20(1.0),16/04/26 23:00:00,Annual,Total,From 15 to 74 years,Percentage of population in the labour force,Slovakia,2012,13.9,,
ESTAT:TIPSUN20(1.0),16/04/26 23:00:00,Annual,Total,From 15 to 74 years,Percentage of population in the labour force,Slovakia,2013,14.1,,
ESTAT:TIPSUN20(1.0),16/04/26 23:00:00,Annual,Total,From 15 to 74 years,Percentage of population in the labour force,Slovakia,2014,13.1,,
ESTAT:TIPSUN20(1.0),16/04/26 23:00:00,Annual,Total,From 15 to 74 years,Percentage of population in the labour force,Slovakia,2015,11.5,,
ESTAT:TIPSUN20(1.0),16/04/26 23:00:00,Annual,Total,From 15 to 74 years,Percentage of population in the labour force,Slovakia,2016,9.6,,
ESTAT:TIPSUN20(1.0),16/04/26 23:00:00,Annual,Total,From 15 to 74 years,Percentage of population in the labour force,Slovakia,2017,8.1,,
ESTAT:TIPSUN20(1.0),16/04/26 23:00:00,Annual,Total,From 15 to 74 years,Percentage of population in the labour force,Slovakia,2018,6.5,,
ESTAT:TIPSUN20(1.0),16/04/26 23:00:00,Annual,Total,From 15 to 74 years,Percentage of population in the labour force,Slovakia,2019,5.7,,
ESTAT:TIPSUN20(1.0),16/04/26 23:00:00,Annual,Total,From 15 to 74 years,Percentage of population in the labour force,Slovakia,2020,6.7,,
ESTAT:TIPSUN20(1.0),16/04/26 23:00:00,Annual,Total,From 15 to 74 years,Percentage of population in the labour force,Slovakia,2021,6.8,,
ESTAT:TIPSUN20(1.0),16/04/26 23:00:00,Annual,Total,From 15 to 74 years,Percentage of population in the labour force,Slovakia,2022,6.1,,
ESTAT:TIPSUN20(1.0),16/04/26 23:00:00,Annual,Total,From 15 to 74 years,Percentage of population in the labour force,Slovakia,2023,5.8,,
ESTAT:TIPSUN20(1.0),16/04/26 23:00:00,Annual,Total,From 15 to 74 years,Percentage of population in the labour force,Slovakia,2024,5.3,,
ESTAT:TIPSUN20(1.0),16/04/26 23:00:00,Annual,Total,From 15 to 74 years,Percentage of population in the labour force,Slovakia,2025,5.4,,
ESTAT:TIPSUN20(1.0),16/04/26 23:00:00,Annual,Total,From 15 to 74 years,Percentage of population in the labour force,United Kingdom,2005,4.8,,
ESTAT:TIPSUN20(1.0),16/04/26 23:00:00,Annual,Total,From 15 to 74 years,Percentage of population in the labour force,United Kingdom,2006,5.4,,
ESTAT:TIPSUN20(1.0),16/04/26 23:00:00,Annual,Total,From 15 to 74 years,Percentage of population in the labour force,United Kingdom,2007,5.3,,
ESTAT:TIPSUN20(1.0),16/04/26 23:00:00,Annual,Total,From 15 to 74 years,Percentage of population in the labour force,United Kingdom,2008,5.7,,
ESTAT:TIPSUN20(1.0),16/04/26 23:00:00,Annual,Total,From 15 to 74 years,Percentage of population in the labour force,United Kingdom,2009,7.6,,
ESTAT:TIPSUN20(1.0),16/04/26 23:00:00,Annual,Total,From 15 to 74 years,Percentage of population in the labour force,United Kingdom,2010,7.9,,
ESTAT:TIPSUN20(1.0),16/04/26 23:00:00,Annual,Total,From 15 to 74 years,Percentage of population in the labour force,United Kingdom,2011,8.1,,
ESTAT:TIPSUN20(1.0),16/04/26 23:00:00,Annual,Total,From 15 to 74 years,Percentage of population in the labour force,United Kingdom,2012,7.9,,
ESTAT:TIPSUN20(1.0),16/04/26 23:00:00,Annual,Total,From 15 to 74 years,Percentage of population in the labour force,United Kingdom,2013,7.6,,
ESTAT:TIPSUN20(1.0),16/04/26 23:00:00,Annual,Total,From 15 to 74 years,Percentage of population in the labour force,United Kingdom,2014,6.2,,
ESTAT:TIPSUN20(1.0),16/04/26 23:00:00,Annual,Total,From 15 to 74 years,Percentage of population in the labour force,United Kingdom,2015,5.4,,
ESTAT:TIPSUN20(1.0),16/04/26 23:00:00,Annual,Total,From 15 to 74 years,Percentage of population in the labour force,United Kingdom,2016,4.9,,
ESTAT:TIPSUN20(1.0),16/04/26 23:00:00,Annual,Total,From 15 to 74 years,Percentage of population in the labour force,United Kingdom,2017,4.4,,
ESTAT:TIPSUN20(1.0),16/04/26 23:00:00,Annual,Total,From 15 to 74 years,Percentage of population in the labour force,United Kingdom,2018,4.1,,
ESTAT:TIPSUN20(1.0),16/04/26 23:00:00,Annual,Total,From 15 to 74 years,Percentage of population in the labour force,United Kingdom,2019,3.8,,
ESTAT:TIPSUN20(1.0),16/04/26 23:00:00,Annual,Total,From 15 to 74 years,Percentage of population in the labour force,United Kingdom,2020,4.6,,
ESTAT:TIPSUN20(1.0),16/04/26 23:00:00,Annual,Total,From 15 to 74 years,Percentage of population in the labour force,United Kingdom,2021,4.6,,
ESTAT:TIPSUN20(1.0),16/04/26 23:00:00,Annual,Total,From 15 to 74 years,Percentage of population in the labour force,United Kingdom,2022,3.8,,
ESTAT:TIPSUN20(1.0),16/04/26 23:00:00,Annual,Total,From 15 to 74 years,Percentage of population in the labour force,United Kingdom,2023,4.1,,
ESTAT:TIPSUN20(1.0),16/04/26 23:00:00,Annual,Total,From 15 to 74 years,Percentage of population in the labour force,United Kingdom,2024,4.3,,
ESTAT:UNE_RT_A(1.0),16/04/26 23:00:00,Annual,Total,From 15 to 74 years,Percentage of total population,Switzerland,2010,3.6,b,
ESTAT:UNE_RT_A(1.0),16/04/26 23:00:00,Annual,Total,From 15 to 74 years,Percentage of total population,Switzerland,2011,3.3,,
ESTAT:UNE_RT_A(1.0),16/04/26 23:00:00,Annual,Total,From 15 to 74 years,Percentage of total population,Switzerland,2012,3.3,,
ESTAT:UNE_RT_A(1.0),16/04/26 23:00:00,Annual,Total,From 15 to 74 years,Percentage of total population,Switzerland,2013,3.5,,
ESTAT:UNE_RT_A(1.0),16/04/26 23:00:00,Annual,Total,From 15 to 74 years,Percentage of total population,Switzerland,2014,3.6,,
ESTAT:UNE_RT_A(1.0),16/04/26 23:00:00,Annual,Total,From 15 to 74 years,Percentage of total population,Switzerland,2015,3.6,,
ESTAT:UNE_RT_A(1.0),16/04/26 23:00:00,Annual,Total,From 15 to 74 years,Percentage of total population,Switzerland,2016,3.7,,
ESTAT:UNE_RT_A(1.0),16/04/26 23:00:00,Annual,Total,From 15 to 74 years,Percentage of total population,Switzerland,2017,3.7,,
ESTAT:UNE_RT_A(1.0),16/04/26 23:00:00,Annual,Total,From 15 to 74 years,Percentage of total population,Switzerland,2018,3.6,,
ESTAT:UNE_RT_A(1.0),16/04/26 23:00:00,Annual,Total,From 15 to 74 years,Percentage of total population,Switzerland,2019,3.4,,
ESTAT:UNE_RT_A(1.0),16/04/26 23:00:00,Annual,Total,From 15 to 74 years,Percentage of total population,Switzerland,2020,3.7,,
ESTAT:UNE_RT_A(1.0),16/04/26 23:00:00,Annual,Total,From 15 to 74 years,Percentage of total population,Switzerland,2021,3.8,,
ESTAT:UNE_RT_A(1.0),16/04/26 23:00:00,Annual,Total,From 15 to 74 years,Percentage of total population,Switzerland,2022,3.1,,
ESTAT:UNE_RT_A(1.0),16/04/26 23:00:00,Annual,Total,From 15 to 74 years,Percentage of total population,Switzerland,2023,3.1,,
ESTAT:UNE_RT_A(1.0),16/04/26 23:00:00,Annual,Total,From 15 to 74 years,Percentage of total population,Switzerland,2024,3.3,,
